BJDTDB,FLUX,E_FLUX,BANDPASS
2459433.829202,0.99719,0.00091,g
2459433.829724,0.99753,0.00091,g
2459433.830253,0.99672,0.00091,g
2459433.83078,0.99712,0.0009,g
2459433.831303,0.99487,0.0009,g
2459433.831823,0.9966,0.0009,g
2459433.832349,0.99654,0.0009,g
2459433.832879,0.99578,0.0009,g
2459433.833402,0.9955,0.0009,g
2459433.833923,0.99547,0.0009,g
2459433.834448,0.99668,0.00091,g
2459433.834986,0.99676,0.00091,g
2459433.835507,0.99548,0.0009,g
2459433.836035,0.99548,0.0009,g
2459433.836562,0.99481,0.0009,g
2459433.837085,0.99554,0.00091,g
2459433.837607,0.99501,0.0009,g
2459433.838134,0.9972,0.00091,g
2459433.838655,0.99655,0.00091,g
2459433.839186,0.99676,0.0009,g
2459433.839706,0.99666,0.0009,g
2459433.840234,0.99673,0.0009,g
2459433.840756,0.99738,0.00091,g
2459433.841287,0.99783,0.00091,g
2459433.841809,0.99764,0.00091,g
2459433.842332,0.99692,0.00091,g
2459433.842861,0.99603,0.00091,g
2459433.843388,0.998,0.00091,g
2459433.843939,0.99797,0.00091,g
2459433.844467,0.997,0.00091,g
2459433.844989,0.99864,0.00091,g
2459433.845512,0.9987,0.00091,g
2459433.84604,0.99767,0.00091,g
2459433.846568,0.99724,0.00091,g
2459433.847091,0.99759,0.00091,g
2459433.847615,0.99768,0.00091,g
2459433.848139,0.99689,0.00091,g
2459433.848666,0.99798,0.00091,g
2459433.849195,0.99877,0.00091,g
2459433.849715,0.9987,0.00091,g
2459433.850241,0.9982,0.00091,g
2459433.850769,0.99686,0.00091,g
2459433.85129,0.99838,0.00091,g
2459433.851815,0.99796,0.00092,g
2459433.852385,0.99873,0.00091,g
2459433.852913,0.99701,0.00091,g
2459433.853433,0.99642,0.00091,g
2459433.853962,0.99742,0.00091,g
2459433.85449,0.99671,0.00091,g
2459433.855011,0.99878,0.00091,g
2459433.855539,0.99902,0.00091,g
2459433.856062,1.00115,0.00092,g
2459433.856587,0.9987,0.00091,g
2459433.857114,0.99628,0.00091,g
2459433.858165,0.99867,0.00092,g
2459433.858692,0.99721,0.00091,g
2459433.859219,0.99898,0.00092,g
2459433.85974,0.99787,0.00091,g
2459433.860266,0.99834,0.00091,g
2459433.86079,1.0001,0.00091,g
2459433.861315,1.0002,0.00092,g
2459433.861844,0.99989,0.00092,g
2459433.862363,0.99901,0.00092,g
2459433.862893,0.99937,0.00092,g
2459433.864991,0.99735,0.00092,g
2459433.865519,0.9994,0.00092,g
2459433.866043,0.99951,0.00092,g
2459433.86657,1.00001,0.00092,g
2459433.867089,1.0005,0.00091,g
2459433.867618,0.99869,0.00091,g
2459433.868144,0.99911,0.00092,g
2459433.868666,0.99874,0.00091,g
2459433.8692,0.99757,0.00091,g
2459433.869719,0.99901,0.00091,g
2459433.870245,0.99684,0.00091,g
2459433.870773,0.99867,0.00091,g
2459433.871298,0.99831,0.00091,g
2459433.87182,0.99969,0.00091,g
2459433.872348,1.00126,0.00091,g
2459433.872869,0.99781,0.00091,g
2459433.873393,1.00001,0.00091,g
2459433.873922,0.99799,0.00091,g
2459433.874448,0.99828,0.00091,g
2459433.874974,0.99948,0.00091,g
2459433.875493,0.9991,0.00091,g
2459433.876022,0.99788,0.00091,g
2459433.876544,0.99898,0.00091,g
2459433.87707,1.00121,0.00091,g
2459433.877598,0.99898,0.00091,g
2459433.878118,0.99813,0.00091,g
2459433.878645,0.99944,0.00092,g
2459433.87917,0.99837,0.00091,g
2459433.879696,0.99907,0.00091,g
2459433.880216,0.99889,0.00091,g
2459433.880748,1.00002,0.00091,g
2459433.881268,0.99869,0.00091,g
2459433.881793,0.99789,0.00091,g
2459433.882361,0.99911,0.00091,g
2459433.882889,0.99719,0.00091,g
2459433.883417,0.99781,0.00091,g
2459433.883944,0.99958,0.00092,g
2459433.884469,0.99987,0.00092,g
2459433.884993,0.99782,0.00092,g
2459433.885514,0.99833,0.00092,g
2459433.886042,0.99882,0.00092,g
2459433.886566,0.99961,0.00092,g
2459433.887092,1.00125,0.00092,g
2459433.887616,0.99796,0.00092,g
2459433.888137,0.99908,0.00092,g
2459433.888667,0.99926,0.00092,g
2459433.889192,1.00117,0.00092,g
2459433.88972,0.99983,0.00092,g
2459433.890245,0.99908,0.00092,g
2459433.89077,1.00066,0.00092,g
2459433.891296,1.00064,0.00092,g
2459433.89182,0.99864,0.00092,g
2459433.892345,0.9985,0.00092,g
2459433.89287,0.99843,0.00092,g
2459433.893397,0.99644,0.00092,g
2459433.893923,0.9981,0.00092,g
2459433.894445,0.9995,0.00092,g
2459433.894971,0.99901,0.00092,g
2459433.895492,0.99939,0.00092,g
2459433.89602,0.99941,0.00092,g
2459433.896546,0.99858,0.00092,g
2459433.897065,0.99947,0.00092,g
2459433.897591,0.99865,0.00092,g
2459433.898118,0.99852,0.00092,g
2459433.898647,1.00161,0.00092,g
2459433.899169,1.00069,0.00092,g
2459433.899697,0.99915,0.00092,g
2459433.900221,0.99882,0.00092,g
2459433.900745,0.99948,0.00092,g
2459433.901278,0.99904,0.00092,g
2459433.901802,1.0001,0.00092,g
2459433.902323,0.99772,0.00093,g
2459433.902847,1.00092,0.00093,g
2459433.903374,0.99805,0.00092,g
2459433.9039,0.99889,0.00092,g
2459433.904473,0.99912,0.00092,g
2459433.904998,1.00002,0.00092,g
2459433.905523,0.9993,0.00092,g
2459433.906042,0.99953,0.00092,g
2459433.906567,0.99836,0.00092,g
2459433.907092,0.99844,0.00092,g
2459433.907617,0.99943,0.00093,g
2459433.908143,0.99839,0.00093,g
2459433.908666,0.99993,0.00093,g
2459433.909193,0.99771,0.00092,g
2459433.909718,0.9993,0.00093,g
2459433.910242,0.99833,0.00092,g
2459433.910769,0.99815,0.00092,g
2459433.911296,0.9983,0.00092,g
2459433.911822,0.99735,0.00092,g
2459433.91234,0.99925,0.00092,g
2459433.912872,0.99842,0.00092,g
2459433.913397,1.00015,0.00093,g
2459433.913921,0.99888,0.00093,g
2459433.914446,0.99852,0.00093,g
2459433.914966,0.99908,0.00093,g
2459433.915495,1.00003,0.00093,g
2459433.916019,0.99746,0.00092,g
2459433.916545,1.00135,0.00093,g
2459433.91707,0.99979,0.00093,g
2459433.917595,0.99896,0.00093,g
2459433.91812,1.00102,0.00093,g
2459433.918642,0.99961,0.00093,g
2459433.919172,0.99904,0.00093,g
2459433.919692,0.99951,0.00093,g
2459433.92022,0.99975,0.00093,g
2459433.920746,0.99897,0.00093,g
2459433.92127,1.00006,0.00093,g
2459433.921792,0.99835,0.00093,g
2459433.922318,1.0004,0.00093,g
2459433.922844,0.99834,0.00093,g
2459433.923362,0.99972,0.00093,g
2459433.923895,1.00009,0.00093,g
2459433.924421,0.99923,0.00093,g
2459433.924945,0.99973,0.00093,g
2459433.925471,1.00006,0.00093,g
2459433.925996,1.00077,0.00093,g
2459433.926519,0.9992,0.00093,g
2459433.927051,1.00104,0.00093,g
2459433.927599,0.99919,0.00093,g
2459433.928123,1.00114,0.00093,g
2459433.928646,0.99938,0.00093,g
2459433.929168,0.99732,0.00093,g
2459433.9297,1.00073,0.00093,g
2459433.930223,0.99871,0.00093,g
2459433.930748,0.99952,0.00093,g
2459433.931275,1.00087,0.00093,g
2459433.931797,1.00178,0.00094,g
2459433.93232,1.00049,0.00093,g
2459433.93285,1.00091,0.00094,g
2459433.933369,0.99905,0.00094,g
2459433.933899,1.0004,0.00094,g
2459433.934425,1.0026,0.00094,g
2459433.934943,1.00006,0.00094,g
2459433.93547,1.00186,0.00094,g
2459433.936,1.00104,0.00094,g
2459433.936526,0.99901,0.00094,g
2459433.937046,1.00143,0.00094,g
2459433.93757,1.00013,0.00094,g
2459433.938095,1.00159,0.00094,g
2459433.938628,1.00067,0.00094,g
2459433.93915,1.00035,0.00094,g
2459433.939672,0.99908,0.00094,g
2459433.940202,0.99973,0.00094,g
2459433.940725,0.99867,0.00094,g
2459433.941247,0.99905,0.00094,g
2459433.941776,1.0006,0.00094,g
2459433.9423,1.00171,0.00094,g
2459433.942826,1.00172,0.00094,g
2459433.943353,1.00205,0.00094,g
2459433.943882,1.00067,0.00094,g
2459433.944405,1.00007,0.00094,g
2459433.944929,1.00164,0.00094,g
2459433.945449,1.00105,0.00094,g
2459433.94598,1.00035,0.00094,g
2459433.946503,1.00062,0.00094,g
2459433.947025,1.00129,0.00095,g
2459433.94755,1.00033,0.00094,g
2459433.948073,1.00225,0.00095,g
2459433.948604,1.00271,0.00095,g
2459433.949127,1.00131,0.00095,g
2459433.949654,1.00185,0.00095,g
2459433.950175,1.0031,0.00095,g
2459433.950705,1.00123,0.00095,g
2459433.95123,1.00199,0.00095,g
2459433.951753,1.0035,0.00095,g
2459433.952285,1.00245,0.00095,g
2459433.952808,1.00319,0.00095,g
2459433.95333,1.00319,0.00095,g
2459433.953861,1.00283,0.00095,g
2459433.954386,1.00255,0.00095,g
2459433.954907,1.00175,0.00095,g
2459433.955435,1.00346,0.00095,g
2459433.955955,1.00151,0.00095,g
2459433.956485,1.00345,0.00096,g
2459433.957012,1.00307,0.00095,g
2459433.957532,1.00303,0.00095,g
2459433.958057,1.0037,0.00096,g
2459433.958587,1.0039,0.00096,g
2459433.959109,1.0018,0.00096,g
2459433.959634,1.00122,0.00096,g
2459433.960161,1.00235,0.00096,g
2459433.960683,1.0009,0.00096,g
2459433.961207,1.00158,0.00096,g
2459433.961736,1.00215,0.00096,g
2459433.962259,1.00261,0.00096,g
2459433.962786,1.0013,0.00096,g
2459433.963307,1.00146,0.00096,g
2459433.963836,1.00249,0.00096,g
2459433.964362,1.00194,0.00096,g
2459433.964883,1.00315,0.00096,g
2459433.965406,1.00209,0.00096,g
2459433.965933,1.00373,0.00096,g
2459433.966456,1.0024,0.00096,g
2459433.966985,1.00334,0.00096,g
2459433.967508,1.0028,0.00097,g
2459433.96803,1.00323,0.00097,g
2459433.968557,1.00114,0.00096,g
2459433.969081,1.00216,0.00097,g
2459433.969605,1.00074,0.00097,g
2459433.970656,1.00297,0.00097,g
2459433.971184,1.00206,0.00097,g
2459433.971704,1.00191,0.00097,g
2459433.972234,1.00214,0.00097,g
2459433.97278,1.00195,0.00097,g
2459433.973308,1.00467,0.00098,g
2459433.973829,1.00228,0.00097,g
2459433.974351,1.002,0.00097,g
2459433.974879,1.00126,0.00097,g
2459433.975405,1.00094,0.00097,g
2459433.975928,1.00194,0.00097,g
2459433.976458,1.00521,0.00098,g
2459433.976978,1.00078,0.00098,g
2459433.977508,1.00463,0.00098,g
2459433.978031,1.00385,0.00098,g
2459433.978555,1.00483,0.00098,g
2459433.979077,1.00287,0.00098,g
2459433.979608,1.00432,0.00098,g
2459433.980135,1.0057,0.00098,g
2459433.980655,1.00104,0.00098,g
2459433.981183,1.00191,0.00098,g
2459433.981705,1.00255,0.00098,g
2459433.98223,1.00425,0.00098,g
2459433.982757,1.0026,0.00098,g
2459433.98328,1.0039,0.00099,g
2459433.983809,1.00235,0.00099,g
2459433.984331,1.0045,0.00099,g
2459433.984851,1.0034,0.00099,g
2459433.985376,1.00321,0.00099,g
2459433.985907,1.00266,0.00099,g
2459433.986426,1.00384,0.00099,g
2459433.986954,1.0033,0.001,g
2459433.987478,1.00357,0.001,g
2459433.988006,1.0049,0.001,g
2459433.988532,1.00433,0.001,g
2459433.989057,1.00236,0.001,g
2459433.989578,1.0066,0.001,g
2459433.990104,1.00465,0.001,g
2459433.990632,1.00497,0.001,g
2459433.991153,1.00416,0.001,g
2459433.991676,1.00413,0.001,g
2459433.992202,1.00719,0.00101,g
2459433.992729,1.00558,0.00101,g
2459433.993255,1.00571,0.00101,g
2459433.993778,1.00496,0.00101,g
2459433.994306,1.00636,0.00101,g
2459433.994834,1.00699,0.00101,g
2459433.995356,1.0081,0.00101,g
2459433.995876,1.00619,0.00102,g
2459433.996402,1.00764,0.00102,g
2459433.996931,1.00822,0.00102,g
2459433.997453,1.00756,0.00102,g
2459433.99798,1.0037,0.00102,g
2459433.998507,1.00744,0.00102,g
2459433.999028,1.00629,0.00102,g
2459433.999552,1.00381,0.00102,g
2459434.00008,1.00699,0.00103,g
2459434.000607,1.0049,0.00103,g
2459434.001135,1.00666,0.00103,g
2459434.001655,1.00555,0.00103,g
2459434.002182,1.00486,0.00103,g
2459434.002707,1.00425,0.00103,g
2459434.003238,1.00562,0.00103,g
2459434.003765,1.00672,0.00103,g
2459434.004284,1.00731,0.00104,g
2459434.004811,1.00648,0.00104,g
2459434.005335,1.00466,0.00104,g
2459434.005861,1.00319,0.00104,g
2459434.006388,1.00581,0.00104,g
2459434.006915,1.00586,0.00104,g
2459434.007442,1.00574,0.00105,g
2459434.007965,1.0057,0.00105,g
2459434.008491,1.00739,0.00105,g
2459434.009011,1.00789,0.00106,g
2459434.009541,1.0077,0.00105,g
2459434.01006,1.00344,0.00106,g
2459434.010585,1.00829,0.00106,g
2459434.01111,1.00829,0.00106,g
2459434.01164,1.00371,0.00106,g
2459434.012165,1.00649,0.00107,g
2459434.012691,1.00668,0.00107,g
2459433.829324,0.99849,0.00112,r
2459433.829579,0.99611,0.00112,r
2459433.829846,0.99702,0.00112,r
2459433.830101,0.99768,0.00112,r
2459433.830368,0.99766,0.00112,r
2459433.830623,0.99643,0.00112,r
2459433.83089,0.99691,0.00112,r
2459433.831145,0.9978,0.00112,r
2459433.8314,0.99705,0.00112,r
2459433.831667,0.99715,0.00112,r
2459433.831923,0.99816,0.00112,r
2459433.832178,0.99832,0.00112,r
2459433.832445,0.99848,0.00112,r
2459433.8327,0.99672,0.00112,r
2459433.832955,0.99855,0.00112,r
2459433.833222,0.99712,0.00112,r
2459433.833477,0.99867,0.00112,r
2459433.833744,0.99821,0.00112,r
2459433.834,0.99587,0.00112,r
2459433.834255,0.99713,0.00112,r
2459433.834522,0.99548,0.00112,r
2459433.834777,0.99681,0.00112,r
2459433.835032,0.99581,0.00112,r
2459433.835298,0.99782,0.00112,r
2459433.835553,0.99647,0.00112,r
2459433.835808,0.99671,0.00112,r
2459433.836075,0.99528,0.00112,r
2459433.83633,0.99591,0.00112,r
2459433.836585,0.99862,0.00112,r
2459433.836852,0.99944,0.00112,r
2459433.837107,0.99756,0.00112,r
2459433.837373,0.99702,0.00112,r
2459433.837628,0.99684,0.00112,r
2459433.837883,0.99535,0.00112,r
2459433.83815,0.99735,0.00112,r
2459433.838405,0.99899,0.00112,r
2459433.83866,0.99776,0.00112,r
2459433.838927,0.99759,0.00112,r
2459433.839182,0.99832,0.00112,r
2459433.839437,0.99772,0.00112,r
2459433.839703,0.99854,0.00112,r
2459433.839959,0.9991,0.00112,r
2459433.840214,0.99621,0.00112,r
2459433.84048,0.99633,0.00112,r
2459433.840735,0.99639,0.00112,r
2459433.84099,0.99795,0.00112,r
2459433.841257,0.99661,0.00112,r
2459433.841512,0.9966,0.00112,r
2459433.841767,0.99865,0.00113,r
2459433.842033,0.99793,0.00113,r
2459433.842289,0.9975,0.00113,r
2459433.842555,0.99882,0.00113,r
2459433.84281,0.9971,0.00113,r
2459433.843065,0.99531,0.00113,r
2459433.843332,0.99845,0.00112,r
2459433.843599,0.99693,0.00113,r
2459433.843854,0.99769,0.00113,r
2459433.844109,0.99724,0.00113,r
2459433.844376,0.99455,0.00112,r
2459433.84463,0.99704,0.00113,r
2459433.844885,0.99582,0.00113,r
2459433.845152,0.99779,0.00113,r
2459433.845407,0.99826,0.00113,r
2459433.845662,0.99779,0.00113,r
2459433.845929,0.99693,0.00113,r
2459433.846184,0.99667,0.00113,r
2459433.846439,0.99833,0.00113,r
2459433.846706,0.99775,0.00113,r
2459433.846961,0.99758,0.00113,r
2459433.847217,0.99828,0.00113,r
2459433.847483,0.99794,0.00112,r
2459433.847738,0.99607,0.00112,r
2459433.847993,0.99777,0.00112,r
2459433.84826,0.99765,0.00113,r
2459433.848527,0.9977,0.00113,r
2459433.848782,0.99872,0.00113,r
2459433.849037,0.99885,0.00113,r
2459433.849292,0.9984,0.00113,r
2459433.849558,0.9975,0.00113,r
2459433.849814,0.99696,0.00113,r
2459433.850069,0.99822,0.00113,r
2459433.850336,0.99622,0.00113,r
2459433.850591,0.9963,0.00113,r
2459433.850857,0.99808,0.00113,r
2459433.851112,0.99837,0.00113,r
2459433.851367,0.99849,0.00113,r
2459433.851634,0.99796,0.00113,r
2459433.851889,0.99633,0.00113,r
2459433.852144,0.99436,0.00113,r
2459433.852412,0.99785,0.00113,r
2459433.852667,0.99659,0.00113,r
2459433.852922,0.99926,0.00113,r
2459433.853189,0.99958,0.00113,r
2459433.853444,0.99759,0.00113,r
2459433.853699,0.99961,0.00113,r
2459433.853965,0.99794,0.00113,r
2459433.854221,0.99788,0.00113,r
2459433.854487,0.99903,0.00113,r
2459433.854742,0.99792,0.00113,r
2459433.854998,1.00014,0.00113,r
2459433.855253,0.99982,0.00113,r
2459433.85552,0.99876,0.00113,r
2459433.855775,0.99692,0.00112,r
2459433.85603,0.99911,0.00113,r
2459433.856297,0.9984,0.00113,r
2459433.856552,0.99769,0.00113,r
2459433.856807,0.99884,0.00113,r
2459433.857073,0.99747,0.00113,r
2459433.857328,0.99694,0.00114,r
2459433.857583,0.99762,0.00114,r
2459433.85785,0.99856,0.00114,r
2459433.858105,0.99569,0.00113,r
2459433.85836,0.99566,0.00114,r
2459433.858627,0.99734,0.00113,r
2459433.858882,0.99967,0.00113,r
2459433.859148,0.996,0.00114,r
2459433.859403,0.99616,0.00113,r
2459433.859658,0.99798,0.00113,r
2459433.859925,0.99885,0.00114,r
2459433.86018,0.99865,0.00113,r
2459433.860435,0.99564,0.00113,r
2459433.860701,1.0012,0.00113,r
2459433.860956,0.99896,0.00113,r
2459433.861223,0.9985,0.00114,r
2459433.861478,0.999,0.00114,r
2459433.861733,0.99923,0.00114,r
2459433.862,0.99853,0.00113,r
2459433.862255,0.99979,0.00114,r
2459433.862777,0.99991,0.00114,r
2459433.863032,1.0,0.00114,r
2459433.865109,0.99592,0.00114,r
2459433.865365,0.99854,0.00114,r
2459433.86562,0.99767,0.00114,r
2459433.865887,0.99641,0.00113,r
2459433.866142,0.99832,0.00114,r
2459433.866397,0.99838,0.00113,r
2459433.866664,0.99774,0.00113,r
2459433.866919,0.99826,0.00113,r
2459433.867175,0.9982,0.00113,r
2459433.867442,0.99807,0.00113,r
2459433.867697,0.99983,0.00113,r
2459433.867952,0.99915,0.00113,r
2459433.868219,0.99904,0.00113,r
2459433.868474,0.99954,0.00114,r
2459433.86873,0.99808,0.00113,r
2459433.868996,0.99768,0.00113,r
2459433.869252,0.99911,0.00113,r
2459433.869507,0.99928,0.00113,r
2459433.869774,0.99958,0.00113,r
2459433.870029,0.99893,0.00113,r
2459433.870284,1.00087,0.00113,r
2459433.870551,0.99831,0.00113,r
2459433.870807,0.99917,0.00113,r
2459433.871062,0.99822,0.00113,r
2459433.871329,0.99871,0.00113,r
2459433.871584,0.99673,0.00113,r
2459433.871851,1.00023,0.00113,r
2459433.872118,0.99886,0.00113,r
2459433.872373,1.00021,0.00113,r
2459433.872628,0.99881,0.00113,r
2459433.872895,0.99884,0.00113,r
2459433.873151,1.00166,0.00113,r
2459433.873417,0.99881,0.00113,r
2459433.873673,0.99813,0.00113,r
2459433.87394,1.00014,0.00113,r
2459433.874195,1.00044,0.00113,r
2459433.874462,0.99893,0.00113,r
2459433.874717,0.99817,0.00113,r
2459433.874984,0.99998,0.00113,r
2459433.875239,0.9984,0.00113,r
2459433.875505,0.99874,0.00113,r
2459433.87576,1.00119,0.00113,r
2459433.876027,0.99788,0.00113,r
2459433.876282,0.99799,0.00113,r
2459433.87656,1.00064,0.00114,r
2459433.876815,1.00086,0.00113,r
2459433.877072,1.00012,0.00113,r
2459433.877338,0.99671,0.00113,r
2459433.877593,0.99874,0.00113,r
2459433.87786,0.99874,0.00113,r
2459433.878115,0.99858,0.00113,r
2459433.87837,0.99829,0.00113,r
2459433.878637,0.99708,0.00113,r
2459433.878892,0.99873,0.00114,r
2459433.879158,0.99868,0.00114,r
2459433.879414,0.99929,0.00113,r
2459433.87967,1.00064,0.00113,r
2459433.879936,0.99864,0.00113,r
2459433.880191,0.99834,0.00113,r
2459433.880446,1.00127,0.00113,r
2459433.880713,1.00017,0.00113,r
2459433.880968,1.00003,0.00113,r
2459433.881223,0.99899,0.00113,r
2459433.881489,0.99818,0.00113,r
2459433.881744,0.99825,0.00113,r
2459433.881999,0.99849,0.00113,r
2459433.882266,0.99925,0.00113,r
2459433.882521,0.99904,0.00113,r
2459433.882788,1.00038,0.00113,r
2459433.883043,0.99876,0.00113,r
2459433.883299,0.99729,0.00113,r
2459433.883565,0.99748,0.00113,r
2459433.88382,0.99908,0.00114,r
2459433.884075,0.99874,0.00114,r
2459433.884342,0.99865,0.00114,r
2459433.884597,0.999,0.00115,r
2459433.884852,0.99822,0.00114,r
2459433.885118,0.99688,0.00115,r
2459433.885373,0.99881,0.00115,r
2459433.88564,0.99914,0.00114,r
2459433.885895,0.99989,0.00114,r
2459433.88615,0.99677,0.00114,r
2459433.886417,0.99757,0.00114,r
2459433.886672,1.00082,0.00114,r
2459433.886927,1.0009,0.00114,r
2459433.887193,1.00061,0.00114,r
2459433.887448,0.99936,0.00114,r
2459433.887715,0.99898,0.00114,r
2459433.88797,0.99825,0.00114,r
2459433.888225,0.99935,0.00114,r
2459433.888492,1.0004,0.00114,r
2459433.888747,0.9983,0.00115,r
2459433.889013,1.00082,0.00115,r
2459433.889268,1.00045,0.00114,r
2459433.889523,0.9995,0.00114,r
2459433.889778,1.00057,0.00114,r
2459433.890045,1.00097,0.00115,r
2459433.890301,0.99918,0.00114,r
2459433.890556,0.99915,0.00115,r
2459433.890823,0.99946,0.00114,r
2459433.891078,0.99837,0.00114,r
2459433.891333,0.99823,0.00114,r
2459433.891599,1.00049,0.00114,r
2459433.891855,0.99897,0.00114,r
2459433.892109,0.996,0.00113,r
2459433.892376,1.00171,0.00114,r
2459433.892631,0.99864,0.00114,r
2459433.892886,0.99976,0.00114,r
2459433.893153,0.99772,0.00114,r
2459433.893408,1.00011,0.00114,r
2459433.893675,0.99862,0.00114,r
2459433.89393,0.99752,0.00114,r
2459433.894196,0.99826,0.00114,r
2459433.894451,0.99893,0.00114,r
2459433.894706,0.99789,0.00114,r
2459433.894973,0.99778,0.00114,r
2459433.895228,0.99877,0.00114,r
2459433.895483,0.99694,0.00114,r
2459433.89575,0.99605,0.00114,r
2459433.896005,0.99924,0.00114,r
2459433.89626,0.9991,0.00114,r
2459433.896526,0.99864,0.00114,r
2459433.896781,0.99827,0.00114,r
2459433.897036,1.00027,0.00114,r
2459433.897303,0.99818,0.00114,r
2459433.897558,0.99629,0.00114,r
2459433.897813,0.99867,0.00114,r
2459433.89808,0.99727,0.00114,r
2459433.898335,0.99971,0.00114,r
2459433.898601,0.99815,0.00114,r
2459433.898856,0.99886,0.00114,r
2459433.899111,0.9988,0.00114,r
2459433.899378,0.9988,0.00114,r
2459433.899633,0.99921,0.00115,r
2459433.8999,0.99707,0.00114,r
2459433.900156,0.9974,0.00115,r
2459433.900411,0.99644,0.00114,r
2459433.900666,0.99961,0.00115,r
2459433.900933,0.9989,0.00115,r
2459433.901188,1.00012,0.00115,r
2459433.901443,0.99762,0.00115,r
2459433.90171,1.0005,0.00115,r
2459433.901965,0.99906,0.00115,r
2459433.902231,0.99772,0.00115,r
2459433.902486,1.00043,0.00115,r
2459433.902741,0.99775,0.00115,r
2459433.903008,1.00015,0.00115,r
2459433.903263,1.00138,0.00115,r
2459433.903529,1.0001,0.00115,r
2459433.903784,1.00156,0.00115,r
2459433.904052,0.99953,0.00115,r
2459433.90433,0.99867,0.00115,r
2459433.904596,0.99969,0.00115,r
2459433.904852,0.99976,0.00115,r
2459433.905107,1.0017,0.00115,r
2459433.905373,0.99983,0.00115,r
2459433.905628,1.00072,0.00115,r
2459433.905883,1.00145,0.00115,r
2459433.90615,0.99954,0.00114,r
2459433.906405,0.99985,0.00115,r
2459433.90666,0.99886,0.00114,r
2459433.906927,0.99972,0.00115,r
2459433.907182,1.00029,0.00115,r
2459433.907703,0.99952,0.00115,r
2459433.90797,1.0017,0.00115,r
2459433.908225,0.9982,0.00115,r
2459433.90848,0.99963,0.00115,r
2459433.908747,0.99945,0.00115,r
2459433.909002,0.99643,0.00115,r
2459433.909257,0.9995,0.00115,r
2459433.909524,1.00013,0.00115,r
2459433.909779,0.99796,0.00115,r
2459433.910034,0.99853,0.00115,r
2459433.9103,0.99895,0.00115,r
2459433.910556,0.99928,0.00115,r
2459433.910822,1.00049,0.00115,r
2459433.911077,0.99605,0.00114,r
2459433.911332,0.99889,0.00114,r
2459433.911599,0.9975,0.00114,r
2459433.911855,1.0004,0.00115,r
2459433.91211,0.99695,0.00115,r
2459433.912377,0.99719,0.00114,r
2459433.912632,0.99975,0.00115,r
2459433.912887,0.9985,0.00115,r
2459433.913153,0.9992,0.00115,r
2459433.913408,0.99935,0.00115,r
2459433.913663,0.99819,0.00115,r
2459433.913918,0.99984,0.00115,r
2459433.914185,0.99942,0.00115,r
2459433.91444,1.0005,0.00115,r
2459433.914695,0.99844,0.00115,r
2459433.914962,0.99903,0.00115,r
2459433.915217,0.99921,0.00115,r
2459433.915472,1.00062,0.00115,r
2459433.915738,0.99893,0.00115,r
2459433.915993,0.99814,0.00115,r
2459433.916249,0.9996,0.00115,r
2459433.916515,0.99881,0.00115,r
2459433.916771,1.00004,0.00115,r
2459433.917038,0.99724,0.00115,r
2459433.917293,0.99741,0.00115,r
2459433.917548,0.99866,0.00115,r
2459433.917815,1.00098,0.00115,r
2459433.91807,1.00169,0.00116,r
2459433.918325,0.99936,0.00115,r
2459433.918592,0.99932,0.00115,r
2459433.918847,1.00075,0.00115,r
2459433.919102,0.99748,0.00115,r
2459433.919369,0.99874,0.00115,r
2459433.919624,0.99881,0.00115,r
2459433.919891,0.99955,0.00115,r
2459433.920146,0.999,0.00115,r
2459433.920401,1.00274,0.00115,r
2459433.920667,0.99963,0.00116,r
2459433.920923,1.00106,0.00115,r
2459433.921178,0.99795,0.00115,r
2459433.921444,0.99854,0.00115,r
2459433.921699,1.00006,0.00115,r
2459433.921954,1.00033,0.00115,r
2459433.922221,0.99833,0.00115,r
2459433.922476,1.00055,0.00115,r
2459433.922731,0.99868,0.00115,r
2459433.922997,0.99806,0.00115,r
2459433.923252,0.99867,0.00115,r
2459433.923507,1.00089,0.00116,r
2459433.923774,0.99834,0.00116,r
2459433.924029,1.00445,0.00117,r
2459433.924284,1.0012,0.00116,r
2459433.924551,0.99939,0.00116,r
2459433.924806,0.99937,0.00116,r
2459433.925073,1.00013,0.00116,r
2459433.925328,1.00176,0.00116,r
2459433.925583,1.00136,0.00116,r
2459433.925849,0.99833,0.00116,r
2459433.926104,1.00167,0.00116,r
2459433.92636,0.99978,0.00116,r
2459433.926626,1.00117,0.00116,r
2459433.926881,1.0007,0.00116,r
2459433.927159,1.00121,0.00116,r
2459433.927461,1.00099,0.00117,r
2459433.927716,0.99841,0.00116,r
2459433.927971,0.99982,0.00116,r
2459433.928237,1.00018,0.00117,r
2459433.928492,1.00014,0.00116,r
2459433.928747,0.999,0.00116,r
2459433.929014,0.99886,0.00116,r
2459433.929269,0.99954,0.00116,r
2459433.929536,0.99945,0.00117,r
2459433.929791,0.99845,0.00116,r
2459433.930046,1.00092,0.00117,r
2459433.930313,0.9995,0.00116,r
2459433.930568,0.99988,0.00116,r
2459433.930823,0.99871,0.00116,r
2459433.931089,1.00093,0.00117,r
2459433.931344,1.00101,0.00117,r
2459433.931599,1.00019,0.00117,r
2459433.931901,1.0017,0.00117,r
2459433.932167,1.00152,0.00117,r
2459433.932422,0.99907,0.00117,r
2459433.932677,1.00178,0.00117,r
2459433.932944,1.00185,0.00117,r
2459433.933199,0.99846,0.00117,r
2459433.933454,1.00124,0.00117,r
2459433.933721,1.0008,0.00117,r
2459433.933988,1.0013,0.00117,r
2459433.934243,0.99951,0.00117,r
2459433.934498,1.0012,0.00117,r
2459433.934765,1.00159,0.00117,r
2459433.93502,0.99764,0.00117,r
2459433.935275,1.00162,0.00118,r
2459433.935796,1.00119,0.00117,r
2459433.936052,0.99917,0.00117,r
2459433.936318,1.00187,0.00117,r
2459433.936573,0.99993,0.00117,r
2459433.93684,1.00099,0.00117,r
2459433.937095,1.00087,0.00117,r
2459433.93735,1.00084,0.00117,r
2459433.937616,1.00162,0.00117,r
2459433.937871,0.9998,0.00117,r
2459433.938126,1.0009,0.00117,r
2459433.938381,1.00083,0.00117,r
2459433.938648,1.00067,0.00117,r
2459433.938903,1.00002,0.00117,r
2459433.939158,0.99943,0.00117,r
2459433.939425,1.00089,0.00117,r
2459433.93968,1.00013,0.00117,r
2459433.939935,0.99875,0.00117,r
2459433.940202,1.00006,0.00117,r
2459433.940457,0.9998,0.00117,r
2459433.940712,0.99747,0.00117,r
2459433.940978,1.00179,0.00118,r
2459433.941233,0.99926,0.00117,r
2459433.9415,1.00301,0.00118,r
2459433.941755,1.00071,0.00118,r
2459433.94201,1.00063,0.00117,r
2459433.942266,1.00171,0.00117,r
2459433.942532,1.00002,0.00117,r
2459433.942787,1.00103,0.00117,r
2459433.943054,1.00104,0.00117,r
2459433.943309,1.00152,0.00117,r
2459433.943575,0.99936,0.00117,r
2459433.943831,1.0018,0.00118,r
2459433.944086,1.00147,0.00118,r
2459433.944352,1.00108,0.00117,r
2459433.944607,1.00034,0.00117,r
2459433.944874,1.00234,0.00118,r
2459433.945129,1.00066,0.00117,r
2459433.945395,1.00181,0.00118,r
2459433.945651,0.99948,0.00118,r
2459433.945906,0.99958,0.00118,r
2459433.946172,1.00201,0.00118,r
2459433.946427,0.9991,0.00118,r
2459433.946682,0.99895,0.00118,r
2459433.946949,1.00302,0.00118,r
2459433.947204,1.00171,0.00118,r
2459433.947471,1.00287,0.00119,r
2459433.947726,1.0023,0.00118,r
2459433.947992,1.00098,0.00118,r
2459433.948246,1.00259,0.00118,r
2459433.948501,1.00186,0.00118,r
2459433.948768,1.00115,0.00118,r
2459433.949023,1.00027,0.00118,r
2459433.949278,1.00023,0.00118,r
2459433.949545,1.00247,0.00118,r
2459433.9498,1.00345,0.00119,r
2459433.950055,1.00201,0.00119,r
2459433.95031,1.00014,0.00118,r
2459433.950576,1.00379,0.00118,r
2459433.950843,1.00297,0.00118,r
2459433.951098,1.00219,0.00119,r
2459433.951353,1.00367,0.00119,r
2459433.95162,1.00326,0.00118,r
2459433.951875,1.00375,0.00119,r
2459433.95213,1.00171,0.00119,r
2459433.952396,1.00211,0.00119,r
2459433.952651,1.00319,0.00119,r
2459433.952906,1.0034,0.0012,r
2459433.953173,0.99956,0.00119,r
2459433.953428,1.00365,0.00119,r
2459433.953683,1.00058,0.00119,r
2459433.953949,1.00224,0.00119,r
2459433.954204,1.0032,0.00119,r
2459433.95446,1.00261,0.00119,r
2459433.954727,1.00157,0.00119,r
2459433.954982,1.00102,0.00119,r
2459433.955237,1.00255,0.0012,r
2459433.955504,1.00136,0.00119,r
2459433.955759,1.00293,0.00119,r
2459433.956015,1.00103,0.00119,r
2459433.956281,1.00204,0.00119,r
2459433.956537,1.0022,0.00119,r
2459433.956792,1.00035,0.00119,r
2459433.957059,1.00216,0.00119,r
2459433.957314,1.00306,0.00119,r
2459433.957569,0.99988,0.00119,r
2459433.957848,1.00267,0.0012,r
2459433.958103,1.00334,0.0012,r
2459433.958358,1.00218,0.0012,r
2459433.958614,0.99969,0.0012,r
2459433.958881,1.00043,0.0012,r
2459433.959136,1.00062,0.00119,r
2459433.959403,1.00229,0.0012,r
2459433.959658,1.00242,0.0012,r
2459433.959914,1.00302,0.0012,r
2459433.96018,1.00201,0.0012,r
2459433.960436,1.00089,0.0012,r
2459433.960691,1.00318,0.0012,r
2459433.960958,1.0011,0.0012,r
2459433.961213,1.00319,0.0012,r
2459433.961469,1.00114,0.0012,r
2459433.961724,1.00299,0.0012,r
2459433.96199,1.00273,0.0012,r
2459433.962245,1.00089,0.0012,r
2459433.9625,1.0015,0.0012,r
2459433.962767,1.00301,0.0012,r
2459433.963022,1.00353,0.0012,r
2459433.963277,1.00002,0.0012,r
2459433.963544,1.00166,0.0012,r
2459433.963799,1.00263,0.00121,r
2459433.964066,1.0004,0.0012,r
2459433.964321,1.00067,0.0012,r
2459433.964576,1.00106,0.0012,r
2459433.964843,1.00346,0.00121,r
2459433.965121,1.00161,0.0012,r
2459433.965376,1.00086,0.0012,r
2459433.965643,1.00308,0.0012,r
2459433.965898,1.00089,0.0012,r
2459433.966153,1.00173,0.00121,r
2459433.966419,1.00304,0.00121,r
2459433.966675,1.00169,0.00121,r
2459433.96693,1.00231,0.00121,r
2459433.967186,0.99989,0.00121,r
2459433.967452,0.99874,0.00121,r
2459433.967707,1.00056,0.00121,r
2459433.967974,1.00562,0.00121,r
2459433.968229,1.00176,0.00121,r
2459433.968484,1.0025,0.00121,r
2459433.968751,1.00273,0.00121,r
2459433.969006,1.0022,0.00121,r
2459433.969272,1.00266,0.00122,r
2459433.969527,1.00079,0.00121,r
2459433.969782,1.00012,0.00122,r
2459433.970304,1.0019,0.00122,r
2459433.97057,1.00392,0.00122,r
2459433.970826,1.00265,0.00122,r
2459433.971081,1.00261,0.00122,r
2459433.971347,1.00401,0.00122,r
2459433.971602,0.99973,0.00122,r
2459433.972124,1.00187,0.00122,r
2459433.972379,1.00225,0.00122,r
2459433.972645,1.00138,0.00122,r
2459433.972901,1.00292,0.00122,r
2459433.973422,1.00189,0.00122,r
2459433.973677,1.00186,0.00123,r
2459433.973932,1.0023,0.00122,r
2459433.974199,1.00233,0.00122,r
2459433.974454,1.00365,0.00122,r
2459433.97472,1.00274,0.00122,r
2459433.974976,1.00238,0.00122,r
2459433.975231,1.00306,0.00122,r
2459433.975486,1.00114,0.00122,r
2459433.975764,1.00207,0.00123,r
2459433.97602,1.00112,0.00122,r
2459433.976287,1.0017,0.00123,r
2459433.976542,1.00503,0.00123,r
2459433.976809,1.00432,0.00123,r
2459433.977064,1.00224,0.00123,r
2459433.977319,1.00172,0.00123,r
2459433.977586,1.00435,0.00123,r
2459433.977841,1.00093,0.00123,r
2459433.978097,1.00168,0.00123,r
2459433.978363,1.00458,0.00124,r
2459433.978619,1.00525,0.00124,r
2459433.978874,1.00242,0.00123,r
2459433.979141,1.0032,0.00124,r
2459433.979396,1.0024,0.00123,r
2459433.979651,1.00177,0.00123,r
2459433.979918,1.00238,0.00124,r
2459433.980173,1.00311,0.00124,r
2459433.980428,0.99858,0.00123,r
2459433.980694,1.00187,0.00124,r
2459433.980949,1.00329,0.00124,r
2459433.981204,1.0001,0.00124,r
2459433.981471,1.00106,0.00124,r
2459433.981726,1.00482,0.00124,r
2459433.981981,1.00078,0.00124,r
2459433.982248,1.00608,0.00124,r
2459433.982503,1.00378,0.00124,r
2459433.982758,1.00098,0.00124,r
2459433.983025,1.00014,0.00124,r
2459433.98328,1.00242,0.00124,r
2459433.983535,1.00271,0.00124,r
2459433.983801,1.00225,0.00125,r
2459433.984056,1.00175,0.00124,r
2459433.984311,1.00516,0.00125,r
2459433.984578,1.00414,0.00125,r
2459433.984833,1.00398,0.00125,r
2459433.985088,1.00478,0.00125,r
2459433.985355,1.00135,0.00125,r
2459433.98561,1.00212,0.00125,r
2459433.985876,1.00423,0.00125,r
2459433.986131,1.00367,0.00125,r
2459433.986387,1.00194,0.00125,r
2459433.986653,1.00107,0.00125,r
2459433.986908,1.00086,0.00126,r
2459433.987163,1.00333,0.00126,r
2459433.98743,1.00272,0.00126,r
2459433.987685,1.00231,0.00126,r
2459433.987952,1.0038,0.00126,r
2459433.988207,1.0039,0.00126,r
2459433.988462,1.00152,0.00126,r
2459433.988728,1.00307,0.00126,r
2459433.988983,1.00323,0.00126,r
2459433.989238,1.00425,0.00126,r
2459433.989505,1.00739,0.00127,r
2459433.989761,1.00435,0.00127,r
2459433.990016,1.00164,0.00126,r
2459433.990271,1.00355,0.00126,r
2459433.990538,1.00588,0.00127,r
2459433.990816,1.00203,0.00127,r
2459433.991072,1.0029,0.00127,r
2459433.991327,1.00525,0.00127,r
2459433.991594,1.00545,0.00127,r
2459433.991849,1.0049,0.00127,r
2459433.992104,1.00812,0.00127,r
2459433.992371,1.0068,0.00127,r
2459433.992627,1.00256,0.00127,r
2459433.992882,1.00624,0.00127,r
2459433.993149,1.00659,0.00128,r
2459433.993404,1.00303,0.00127,r
2459433.99366,1.00672,0.00128,r
2459433.993938,1.00505,0.00128,r
2459433.994205,1.00369,0.00128,r
2459433.99446,1.00701,0.00128,r
2459433.994715,1.005,0.00128,r
2459433.994982,1.00679,0.00128,r
2459433.995238,1.00622,0.00128,r
2459433.995493,1.00738,0.00129,r
2459433.995748,1.00553,0.00129,r
2459433.996015,1.00621,0.00129,r
2459433.99627,1.00704,0.00129,r
2459433.996537,1.00343,0.00129,r
2459433.996792,1.00526,0.00129,r
2459433.997048,1.00397,0.00129,r
2459433.997303,1.00497,0.00129,r
2459433.99757,1.00545,0.00129,r
2459433.997825,1.00212,0.00129,r
2459433.99808,1.00503,0.00129,r
2459433.998347,1.0074,0.0013,r
2459433.998603,1.00775,0.0013,r
2459433.99887,1.00734,0.0013,r
2459433.999148,1.00441,0.0013,r
2459433.999403,1.00611,0.0013,r
2459433.99967,1.00375,0.0013,r
2459433.999925,1.00741,0.0013,r
2459434.000181,1.00616,0.0013,r
2459434.000447,1.00524,0.0013,r
2459434.000702,1.00732,0.00131,r
2459434.000957,1.00496,0.00131,r
2459434.001224,1.00593,0.00131,r
2459434.001479,1.00645,0.00131,r
2459434.001734,1.00361,0.00131,r
2459434.002001,1.00699,0.00131,r
2459434.002256,1.00679,0.00131,r
2459434.002511,1.00361,0.00131,r
2459434.002778,1.00473,0.00131,r
2459434.003033,1.00605,0.00131,r
2459434.003288,1.00459,0.00131,r
2459434.003566,1.00687,0.00132,r
2459434.003833,1.00458,0.00132,r
2459434.004088,1.00815,0.00132,r
2459434.004343,1.00551,0.00132,r
2459434.004609,1.00561,0.00132,r
2459434.004864,1.0075,0.00133,r
2459434.005119,1.00507,0.00132,r
2459434.005386,1.00465,0.00133,r
2459434.005641,1.00365,0.00133,r
2459434.005896,1.00779,0.00133,r
2459434.006163,1.00581,0.00133,r
2459434.006418,1.00531,0.00133,r
2459434.006684,1.003,0.00133,r
2459434.006939,1.00641,0.00134,r
2459434.007194,1.00797,0.00134,r
2459434.007461,1.00602,0.00134,r
2459434.007716,1.00611,0.00135,r
2459434.007971,1.00636,0.00134,r
2459434.008238,1.00616,0.00134,r
2459434.008493,1.00717,0.00135,r
2459434.008748,1.00769,0.00135,r
2459434.009014,1.00646,0.00135,r
2459434.009269,1.00866,0.00135,r
2459434.009524,1.00646,0.00135,r
2459434.009791,1.00722,0.00135,r
2459434.010046,1.00471,0.00135,r
2459434.010301,1.00978,0.00136,r
2459434.010568,1.00464,0.00136,r
2459434.010823,1.00668,0.00136,r
2459434.011078,1.00642,0.00136,r
2459434.011344,1.00832,0.00136,r
2459434.0116,1.00447,0.00136,r
2459434.011855,1.004,0.00136,r
2459434.012133,1.00522,0.00137,r
2459434.012389,1.00661,0.00137,r
2459434.012656,1.00817,0.00137,r
2459434.012911,1.00668,0.00137,r
2459434.013166,1.00827,0.00138,r
2459433.829117,0.99611,0.00116,i
2459433.82947,0.99676,0.00117,i
2459433.829816,0.99801,0.00116,i
2459433.830169,0.99739,0.00116,i
2459433.830522,0.99694,0.00116,i
2459433.830874,0.99747,0.00116,i
2459433.831228,0.99742,0.00116,i
2459433.83158,0.99735,0.00116,i
2459433.831932,1.00025,0.00116,i
2459433.832285,0.99732,0.00116,i
2459433.832638,0.99828,0.00116,i
2459433.83299,0.99935,0.00116,i
2459433.833346,0.99894,0.00116,i
2459433.833698,0.99657,0.00116,i
2459433.834045,0.99889,0.00116,i
2459433.834398,0.99861,0.00117,i
2459433.83475,0.99808,0.00117,i
2459433.835104,0.99809,0.00116,i
2459433.835458,0.99659,0.00116,i
2459433.835809,0.99913,0.00116,i
2459433.836157,0.99753,0.00116,i
2459433.83651,0.99818,0.00116,i
2459433.836863,0.9971,0.00116,i
2459433.837215,1.00132,0.00116,i
2459433.837574,0.99855,0.00116,i
2459433.837927,0.99784,0.00116,i
2459433.838279,0.99907,0.00116,i
2459433.838631,0.99896,0.00116,i
2459433.838984,0.99807,0.00116,i
2459433.839337,0.99767,0.00116,i
2459433.839688,0.99909,0.00116,i
2459433.84004,0.9975,0.00116,i
2459433.840393,0.99823,0.00116,i
2459433.840745,0.99853,0.00116,i
2459433.841097,0.99872,0.00117,i
2459433.841449,0.9963,0.00117,i
2459433.841801,0.99786,0.00117,i
2459433.842153,0.99881,0.00117,i
2459433.842505,0.99909,0.00117,i
2459433.842865,0.99721,0.00117,i
2459433.843216,0.99774,0.00117,i
2459433.843567,0.99972,0.00117,i
2459433.843918,0.99753,0.00117,i
2459433.84427,0.99897,0.00117,i
2459433.844628,0.99734,0.00117,i
2459433.844979,0.99735,0.00117,i
2459433.84533,0.99677,0.00117,i
2459433.845704,0.99676,0.00117,i
2459433.846055,0.99788,0.00117,i
2459433.846407,1.00014,0.00117,i
2459433.846758,0.99883,0.00117,i
2459433.847109,0.99793,0.00117,i
2459433.847463,0.99921,0.00117,i
2459433.847816,0.99715,0.00117,i
2459433.848168,0.99858,0.00117,i
2459433.84852,0.99834,0.00117,i
2459433.848872,1.00053,0.00118,i
2459433.849225,0.99869,0.00117,i
2459433.849577,0.99849,0.00117,i
2459433.849936,0.99579,0.00117,i
2459433.850288,0.99835,0.00118,i
2459433.850641,0.99877,0.00117,i
2459433.850993,0.99935,0.00117,i
2459433.851345,0.99795,0.00117,i
2459433.851704,0.99823,0.00118,i
2459433.852056,0.99923,0.00118,i
2459433.852408,1.00073,0.00118,i
2459433.85276,0.99668,0.00117,i
2459433.853112,1.00175,0.00117,i
2459433.853464,0.99779,0.00117,i
2459433.853815,0.99959,0.00117,i
2459433.854167,1.00119,0.00117,i
2459433.854526,0.99952,0.00117,i
2459433.854878,0.99919,0.00117,i
2459433.855236,0.99803,0.00117,i
2459433.855588,0.99989,0.00117,i
2459433.856291,0.99976,0.00118,i
2459433.856643,0.99805,0.00117,i
2459433.856995,0.99879,0.00118,i
2459433.857348,0.99845,0.00118,i
2459433.85805,0.99762,0.00118,i
2459433.858409,0.9998,0.00118,i
2459433.85876,0.99721,0.00118,i
2459433.859112,0.9983,0.00118,i
2459433.859464,0.99826,0.00117,i
2459433.859815,1.00038,0.00118,i
2459433.860166,0.99939,0.00118,i
2459433.860518,0.99776,0.00117,i
2459433.86087,0.99809,0.00117,i
2459433.861229,0.99955,0.00118,i
2459433.86158,0.99752,0.00118,i
2459433.861932,0.99608,0.00117,i
2459433.862284,1.00053,0.00118,i
2459433.862986,1.00038,0.00118,i
2459433.865103,0.99791,0.00118,i
2459433.865498,1.00035,0.00118,i
2459433.865849,0.99975,0.00118,i
2459433.8662,0.99924,0.00118,i
2459433.866551,0.99758,0.00118,i
2459433.86691,0.99765,0.00118,i
2459433.867261,1.00005,0.00118,i
2459433.867613,0.99888,0.00118,i
2459433.867964,1.00022,0.00118,i
2459433.868318,0.99789,0.00118,i
2459433.868669,1.00116,0.00118,i
2459433.869021,0.99902,0.00118,i
2459433.869373,1.00039,0.00118,i
2459433.869725,1.00147,0.00118,i
2459433.870076,0.99903,0.00118,i
2459433.870434,1.0012,0.00118,i
2459433.870786,1.0015,0.00118,i
2459433.871138,1.00073,0.00118,i
2459433.871489,0.99916,0.00118,i
2459433.871841,0.99978,0.00117,i
2459433.872199,1.00228,0.00118,i
2459433.872551,0.99883,0.00118,i
2459433.872902,0.99822,0.00117,i
2459433.873253,0.99979,0.00117,i
2459433.873605,1.0,0.00117,i
2459433.873963,0.99918,0.00117,i
2459433.874313,1.00231,0.00118,i
2459433.874664,1.00086,0.00117,i
2459433.875018,1.00031,0.00117,i
2459433.87537,0.99992,0.00117,i
2459433.875729,1.0008,0.00117,i
2459433.876081,0.9994,0.00117,i
2459433.876432,1.00145,0.00118,i
2459433.876791,1.00128,0.00118,i
2459433.877135,0.99993,0.00117,i
2459433.877494,1.00045,0.00117,i
2459433.877845,1.00052,0.00118,i
2459433.878196,0.99834,0.00117,i
2459433.878547,1.00103,0.00118,i
2459433.878898,1.00022,0.00118,i
2459433.879256,0.99743,0.00117,i
2459433.879606,1.00056,0.00118,i
2459433.879958,0.99958,0.00117,i
2459433.880309,0.99967,0.00118,i
2459433.880667,0.99948,0.00118,i
2459433.881018,1.00132,0.00117,i
2459433.88137,0.99731,0.00117,i
2459433.88172,1.00053,0.00117,i
2459433.882078,0.99952,0.00117,i
2459433.882429,0.9986,0.00118,i
2459433.882779,0.99932,0.00118,i
2459433.88313,0.99922,0.00118,i
2459433.883487,0.99981,0.00118,i
2459433.883837,0.99781,0.00118,i
2459433.884187,1.00119,0.00118,i
2459433.884537,1.00119,0.00119,i
2459433.884894,0.99997,0.00119,i
2459433.885245,0.99924,0.00119,i
2459433.885595,0.99865,0.00119,i
2459433.885952,0.99844,0.00118,i
2459433.886302,0.99862,0.00118,i
2459433.88666,1.00033,0.00118,i
2459433.887011,1.00232,0.00118,i
2459433.887367,0.99892,0.00118,i
2459433.887725,1.00086,0.00118,i
2459433.888075,0.99979,0.00118,i
2459433.888432,1.00338,0.00119,i
2459433.888782,1.00082,0.00119,i
2459433.889136,1.00425,0.00119,i
2459433.889486,1.00027,0.00119,i
2459433.889843,0.99916,0.00118,i
2459433.890194,0.99984,0.00119,i
2459433.890545,0.99712,0.00119,i
2459433.890895,0.99857,0.00118,i
2459433.891252,0.99896,0.00119,i
2459433.891603,1.00206,0.00118,i
2459433.891954,1.00026,0.00118,i
2459433.892305,1.00029,0.00118,i
2459433.892663,1.00031,0.00118,i
2459433.893014,0.99989,0.00119,i
2459433.893365,0.99891,0.00118,i
2459433.893722,0.99948,0.00118,i
2459433.894072,0.99732,0.00118,i
2459433.89443,0.99801,0.00118,i
2459433.89478,0.99935,0.00118,i
2459433.89513,0.99771,0.00118,i
2459433.895488,0.99989,0.00118,i
2459433.895838,0.99997,0.00118,i
2459433.896188,0.99774,0.00118,i
2459433.896545,1.00023,0.00118,i
2459433.896895,1.00132,0.00118,i
2459433.897253,1.00151,0.00118,i
2459433.897602,0.99894,0.00118,i
2459433.897953,0.99983,0.00119,i
2459433.898306,0.99979,0.00118,i
2459433.898656,0.99908,0.00118,i
2459433.899013,0.99865,0.00118,i
2459433.899363,0.99971,0.00119,i
2459433.89972,1.00174,0.00119,i
2459433.900069,1.00103,0.00119,i
2459433.900426,0.99963,0.00119,i
2459433.900776,0.99746,0.00119,i
2459433.901127,1.00034,0.00119,i
2459433.901484,0.99969,0.00119,i
2459433.901848,1.00032,0.00119,i
2459433.902198,0.9992,0.00119,i
2459433.902548,0.99989,0.00119,i
2459433.902904,0.99932,0.00119,i
2459433.903255,0.9993,0.00119,i
2459433.903605,1.00063,0.00119,i
2459433.903961,1.0003,0.00119,i
2459433.904312,0.99927,0.00119,i
2459433.904669,0.99969,0.00119,i
2459433.905019,1.00091,0.00119,i
2459433.905368,1.0008,0.00119,i
2459433.905725,1.00252,0.00119,i
2459433.906075,0.99968,0.00118,i
2459433.906425,0.99961,0.00118,i
2459433.906782,1.00053,0.00119,i
2459433.907131,1.00068,0.00119,i
2459433.907488,0.99964,0.0012,i
2459433.907844,1.00023,0.00119,i
2459433.908194,0.99978,0.00119,i
2459433.908544,1.00016,0.00119,i
2459433.9089,1.00052,0.00119,i
2459433.909256,0.99972,0.00119,i
2459433.909606,1.00066,0.00119,i
2459433.909959,0.99808,0.00119,i
2459433.910315,0.9996,0.00119,i
2459433.910665,0.99921,0.00118,i
2459433.911021,0.99803,0.00119,i
2459433.911371,0.9993,0.00118,i
2459433.91172,0.99899,0.00118,i
2459433.912077,0.99864,0.00118,i
2459433.912427,1.00051,0.00118,i
2459433.912784,0.9995,0.00118,i
2459433.913133,0.99975,0.00119,i
2459433.91349,0.99851,0.00119,i
2459433.91384,0.99928,0.00119,i
2459433.914196,0.99879,0.00119,i
2459433.914546,0.99961,0.00119,i
2459433.914895,1.0013,0.00119,i
2459433.915252,0.99952,0.00119,i
2459433.915601,1.00166,0.00119,i
2459433.915957,1.00005,0.00119,i
2459433.916307,1.00068,0.00119,i
2459433.916659,1.00199,0.00119,i
2459433.917015,0.99703,0.00119,i
2459433.917365,0.99986,0.00119,i
2459433.917715,0.99998,0.00119,i
2459433.918072,1.00088,0.00119,i
2459433.918422,0.99787,0.00119,i
2459433.918772,1.00081,0.00119,i
2459433.919129,0.9992,0.00119,i
2459433.919482,1.00075,0.00119,i
2459433.919834,0.9997,0.00119,i
2459433.920186,1.00056,0.00119,i
2459433.920537,0.99836,0.00119,i
2459433.920888,1.0005,0.00119,i
2459433.921246,0.99879,0.00119,i
2459433.921598,1.00089,0.00119,i
2459433.921949,1.00008,0.00119,i
2459433.9223,0.99947,0.00119,i
2459433.922652,0.99865,0.00119,i
2459433.923003,0.99999,0.00119,i
2459433.923361,0.99894,0.00119,i
2459433.923719,0.99981,0.0012,i
2459433.92407,1.00138,0.0012,i
2459433.924421,1.00013,0.00119,i
2459433.924773,1.00193,0.0012,i
2459433.925124,1.00111,0.0012,i
2459433.925476,0.99788,0.0012,i
2459433.925834,0.99702,0.00119,i
2459433.926185,1.00045,0.00119,i
2459433.926535,1.00022,0.0012,i
2459433.926886,1.00038,0.0012,i
2459433.927244,1.00202,0.0012,i
2459433.927594,0.99875,0.00119,i
2459433.927944,0.99991,0.0012,i
2459433.928301,1.00001,0.0012,i
2459433.928659,1.00198,0.0012,i
2459433.929009,0.99779,0.0012,i
2459433.929359,1.0,0.0012,i
2459433.929716,0.99988,0.0012,i
2459433.930067,0.9991,0.0012,i
2459433.930424,0.9985,0.00119,i
2459433.930776,1.00038,0.0012,i
2459433.931125,0.99919,0.0012,i
2459433.931481,1.00041,0.0012,i
2459433.931829,1.00012,0.0012,i
2459433.932185,0.99956,0.0012,i
2459433.932533,1.00138,0.0012,i
2459433.93289,1.00141,0.0012,i
2459433.933239,1.00006,0.0012,i
2459433.933594,0.99832,0.0012,i
2459433.933949,1.00041,0.0012,i
2459433.934299,1.00117,0.0012,i
2459433.934654,1.00025,0.0012,i
2459433.935003,0.99994,0.0012,i
2459433.935359,1.00107,0.00121,i
2459433.935707,1.00113,0.00121,i
2459433.936064,0.99977,0.0012,i
2459433.936412,1.00236,0.0012,i
2459433.936767,1.00152,0.0012,i
2459433.937123,0.99996,0.0012,i
2459433.937474,1.001,0.0012,i
2459433.937823,1.00208,0.0012,i
2459433.938179,1.00123,0.0012,i
2459433.938528,1.00215,0.0012,i
2459433.938884,1.00135,0.0012,i
2459433.939233,1.001,0.0012,i
2459433.939589,1.00321,0.0012,i
2459433.939937,1.00163,0.0012,i
2459433.940295,0.99959,0.0012,i
2459433.940644,1.00165,0.0012,i
2459433.940999,1.00283,0.0012,i
2459433.941347,1.00182,0.0012,i
2459433.941702,1.00156,0.0012,i
2459433.942057,0.99922,0.00121,i
2459433.942405,1.00091,0.0012,i
2459433.94276,0.99971,0.0012,i
2459433.943116,1.00225,0.0012,i
2459433.943464,1.00209,0.0012,i
2459433.943819,1.00166,0.0012,i
2459433.944167,1.00089,0.0012,i
2459433.944522,1.00137,0.0012,i
2459433.944878,0.99803,0.0012,i
2459433.945226,0.99875,0.0012,i
2459433.945581,1.00121,0.0012,i
2459433.945937,1.00012,0.0012,i
2459433.946284,1.00053,0.0012,i
2459433.946639,1.0031,0.0012,i
2459433.946995,1.00162,0.00121,i
2459433.94735,1.00128,0.00121,i
2459433.947698,1.00055,0.0012,i
2459433.948052,1.0012,0.00121,i
2459433.948407,1.00083,0.00121,i
2459433.948754,1.00173,0.00121,i
2459433.949109,1.00166,0.00121,i
2459433.949464,1.00139,0.00121,i
2459433.949812,1.0012,0.00121,i
2459433.950167,1.00397,0.00121,i
2459433.950522,0.9996,0.0012,i
2459433.95087,1.003,0.00121,i
2459433.951225,1.00272,0.00121,i
2459433.951576,1.0014,0.0012,i
2459433.951932,1.00123,0.00121,i
2459433.95228,1.00144,0.00121,i
2459433.952635,1.00247,0.00121,i
2459433.95299,1.00372,0.00122,i
2459433.953338,1.00185,0.00121,i
2459433.953693,1.0006,0.00121,i
2459433.954048,1.00334,0.00122,i
2459433.954396,1.00111,0.00121,i
2459433.954757,1.00249,0.00121,i
2459433.955105,1.00341,0.00121,i
2459433.95546,0.99972,0.00121,i
2459433.955815,1.00221,0.00121,i
2459433.956163,1.0017,0.00121,i
2459433.956518,0.99988,0.00121,i
2459433.956872,1.0041,0.00121,i
2459433.95722,1.00114,0.00121,i
2459433.957574,0.99948,0.00121,i
2459433.957929,0.99952,0.00121,i
2459433.958279,1.00341,0.00121,i
2459433.958635,1.00061,0.00121,i
2459433.958983,0.99849,0.00121,i
2459433.959338,1.00135,0.00121,i
2459433.959687,1.00053,0.00121,i
2459433.960043,1.00231,0.00122,i
2459433.960397,0.99779,0.00122,i
2459433.960746,1.00152,0.00122,i
2459433.961098,0.99934,0.00122,i
2459433.961456,1.00098,0.00122,i
2459433.961807,1.00253,0.00122,i
2459433.962158,1.00162,0.00122,i
2459433.962515,1.00179,0.00122,i
2459433.962866,1.00077,0.00122,i
2459433.963223,1.00097,0.00122,i
2459433.963575,1.00165,0.00122,i
2459433.963925,1.00399,0.00122,i
2459433.964275,1.00075,0.00122,i
2459433.964633,1.0025,0.00122,i
2459433.964984,1.00009,0.00122,i
2459433.965335,1.00071,0.00122,i
2459433.965686,1.00195,0.00122,i
2459433.966044,1.00301,0.00122,i
2459433.966395,1.00296,0.00122,i
2459433.966745,1.00201,0.00122,i
2459433.967095,0.9992,0.00122,i
2459433.967453,1.0018,0.00122,i
2459433.967804,1.00459,0.00123,i
2459433.968153,1.0014,0.00122,i
2459433.96851,1.00093,0.00122,i
2459433.968861,1.00274,0.00123,i
2459433.969215,1.00046,0.00123,i
2459433.969569,1.00136,0.00123,i
2459433.969923,1.0038,0.00124,i
2459433.97027,1.00189,0.00123,i
2459433.970625,1.00304,0.00123,i
2459433.970979,1.00234,0.00123,i
2459433.971333,1.00275,0.00123,i
2459433.971687,1.00241,0.00123,i
2459433.972034,1.00008,0.00123,i
2459433.97239,1.00248,0.00123,i
2459433.972744,1.00317,0.00124,i
2459433.973091,1.00386,0.00124,i
2459433.973445,1.00296,0.00123,i
2459433.9738,1.00125,0.00123,i
2459433.974154,1.00058,0.00123,i
2459433.974508,1.00406,0.00123,i
2459433.974855,1.00183,0.00123,i
2459433.97521,1.00103,0.00123,i
2459433.975564,1.00384,0.00123,i
2459433.975918,1.00036,0.00123,i
2459433.976266,1.00246,0.00123,i
2459433.97662,1.00363,0.00123,i
2459433.976981,1.00224,0.00123,i
2459433.977328,1.00165,0.00123,i
2459433.977682,1.0032,0.00124,i
2459433.978036,1.00137,0.00124,i
2459433.97839,1.00299,0.00124,i
2459433.978744,1.00572,0.00124,i
2459433.979094,1.00327,0.00124,i
2459433.979448,1.00272,0.00124,i
2459433.979795,1.00216,0.00124,i
2459433.98015,1.00577,0.00124,i
2459433.980505,1.00099,0.00124,i
2459433.980859,1.00134,0.00124,i
2459433.981213,1.00264,0.00124,i
2459433.981561,1.00025,0.00124,i
2459433.981917,1.00264,0.00124,i
2459433.982271,1.00496,0.00124,i
2459433.982618,1.00352,0.00124,i
2459433.982971,0.99881,0.00124,i
2459433.983324,1.00375,0.00124,i
2459433.983678,1.00353,0.00124,i
2459433.984032,1.00392,0.00124,i
2459433.984386,1.00501,0.00125,i
2459433.984739,1.00311,0.00125,i
2459433.985086,1.00335,0.00125,i
2459433.98544,1.00085,0.00125,i
2459433.985793,1.00595,0.00125,i
2459433.986147,1.00015,0.00125,i
2459433.986501,1.00337,0.00125,i
2459433.986854,1.00359,0.00125,i
2459433.987202,1.00273,0.00125,i
2459433.987555,1.00265,0.00125,i
2459433.987909,1.0011,0.00125,i
2459433.988263,1.00381,0.00125,i
2459433.988616,1.00229,0.00125,i
2459433.988969,1.00379,0.00126,i
2459433.989323,1.00409,0.00126,i
2459433.989705,1.00393,0.00126,i
2459433.990058,1.00216,0.00126,i
2459433.990411,1.00486,0.00126,i
2459433.990765,1.0031,0.00126,i
2459433.991118,1.00021,0.00126,i
2459433.991471,1.00399,0.00126,i
2459433.991824,1.00445,0.00126,i
2459433.992171,1.00527,0.00126,i
2459433.992523,1.0027,0.00126,i
2459433.992877,1.00432,0.00126,i
2459433.99323,1.00543,0.00126,i
2459433.993583,1.00513,0.00127,i
2459433.993936,1.00534,0.00126,i
2459433.994289,1.00427,0.00126,i
2459433.994643,1.0025,0.00127,i
2459433.994996,1.00406,0.00127,i
2459433.995349,1.00637,0.00127,i
2459433.995703,1.00333,0.00127,i
2459433.996049,1.00589,0.00128,i
2459433.996409,1.00537,0.00127,i
2459433.996755,1.00699,0.00127,i
2459433.997461,1.00552,0.00127,i
2459433.997814,1.00346,0.00127,i
2459433.998168,1.00554,0.00128,i
2459433.998524,1.00568,0.00128,i
2459433.99887,1.0058,0.00128,i
2459433.999224,1.00601,0.00128,i
2459433.999932,1.00497,0.00128,i
2459434.000285,1.00553,0.00128,i
2459434.000639,1.00529,0.00128,i
2459434.000985,1.00465,0.00128,i
2459434.001338,1.00697,0.00129,i
2459434.001692,1.00429,0.00129,i
2459434.003104,1.00582,0.00129,i
2459434.003454,1.00694,0.00129,i
2459434.003811,1.00475,0.00129,i
2459434.004159,1.00716,0.00129,i
2459434.004516,1.00666,0.0013,i
2459434.006285,1.00387,0.0013,i
2459434.006641,1.00386,0.0013,i
2459434.006998,1.00434,0.0013,i
2459434.008759,1.00702,0.00131,i
2459434.009463,1.00356,0.00131,i
2459434.010167,1.00618,0.00132,i
2459433.829406,0.99941,0.00136,z
2459433.829707,1.00008,0.00136,z
2459433.83002,0.99937,0.00136,z
2459433.830321,0.99867,0.00136,z
2459433.830623,0.99967,0.00136,z
2459433.830936,1.0007,0.00136,z
2459433.831238,0.99684,0.00136,z
2459433.83154,0.99964,0.00135,z
2459433.831853,0.99901,0.00136,z
2459433.832155,0.99921,0.00136,z
2459433.832468,0.99792,0.00136,z
2459433.83277,0.99866,0.00136,z
2459433.833071,0.9963,0.00136,z
2459433.833385,1.00016,0.00137,z
2459433.833686,0.9986,0.00136,z
2459433.833988,0.99667,0.00136,z
2459433.83429,1.00161,0.00137,z
2459433.834603,0.99679,0.00136,z
2459433.834904,0.99723,0.00137,z
2459433.835206,0.99821,0.00136,z
2459433.835519,0.99835,0.00136,z
2459433.83582,0.99923,0.00136,z
2459433.836121,1.00011,0.00136,z
2459433.836423,1.00003,0.00136,z
2459433.836736,0.99739,0.00136,z
2459433.837037,0.99891,0.00136,z
2459433.837338,0.99878,0.00136,z
2459433.837652,0.99862,0.00136,z
2459433.837953,1.00036,0.00136,z
2459433.838254,1.00058,0.00136,z
2459433.838556,1.00125,0.00137,z
2459433.838869,0.99619,0.00136,z
2459433.83917,0.99957,0.00136,z
2459433.839483,1.00029,0.00137,z
2459433.839785,0.99936,0.00136,z
2459433.840086,0.99788,0.00136,z
2459433.840399,0.99899,0.00137,z
2459433.840701,0.99932,0.00137,z
2459433.841014,0.99895,0.00136,z
2459433.841315,0.99667,0.00137,z
2459433.841616,0.99882,0.00137,z
2459433.841929,0.99965,0.00137,z
2459433.842231,0.99947,0.00137,z
2459433.842567,0.99737,0.00137,z
2459433.842868,0.99894,0.00137,z
2459433.84317,0.99745,0.00136,z
2459433.843483,0.99822,0.00137,z
2459433.843784,1.00031,0.00137,z
2459433.844086,0.99789,0.00137,z
2459433.844399,0.99851,0.00136,z
2459433.8447,0.99756,0.00137,z
2459433.845001,0.99679,0.00137,z
2459433.845314,0.99669,0.00137,z
2459433.845616,1.00018,0.00137,z
2459433.845917,0.99789,0.00137,z
2459433.84623,0.99802,0.00138,z
2459433.846532,1.00047,0.00137,z
2459433.846834,1.00112,0.00137,z
2459433.847135,0.99933,0.00137,z
2459433.847449,0.99668,0.00136,z
2459433.84775,0.99816,0.00137,z
2459433.848051,0.99953,0.00136,z
2459433.848353,0.99902,0.00138,z
2459433.848666,0.99765,0.00138,z
2459433.848967,0.99561,0.00137,z
2459433.849269,0.99891,0.00138,z
2459433.849581,0.99823,0.00137,z
2459433.849884,0.99823,0.00138,z
2459433.850185,0.99909,0.00138,z
2459433.850486,0.99775,0.00138,z
2459433.850799,0.99933,0.00138,z
2459433.851101,0.99954,0.00138,z
2459433.851402,1.00025,0.00137,z
2459433.851715,0.9958,0.00138,z
2459433.852016,0.99832,0.00138,z
2459433.852329,1.0014,0.00138,z
2459433.852632,0.99933,0.00138,z
2459433.852934,0.99896,0.00137,z
2459433.853235,1.00008,0.00137,z
2459433.853548,0.9963,0.00137,z
2459433.85385,1.00122,0.00137,z
2459433.854151,0.99888,0.00138,z
2459433.854464,0.99881,0.00137,z
2459433.854765,1.00055,0.00137,z
2459433.855068,0.99877,0.00137,z
2459433.855369,0.99994,0.00137,z
2459433.855682,0.99834,0.00137,z
2459433.856285,1.00019,0.00138,z
2459433.856598,0.99837,0.00138,z
2459433.856899,1.00049,0.00138,z
2459433.857201,0.99676,0.00138,z
2459433.858116,0.99827,0.00138,z
2459433.858429,0.99788,0.00138,z
2459433.858731,1.00044,0.00138,z
2459433.859032,0.99798,0.00138,z
2459433.859334,0.99781,0.00138,z
2459433.859647,0.9947,0.00138,z
2459433.859948,1.00009,0.00138,z
2459433.860249,0.99785,0.00138,z
2459433.860562,1.00034,0.00138,z
2459433.860864,1.00056,0.00138,z
2459433.861165,0.99811,0.00138,z
2459433.861467,0.99938,0.00138,z
2459433.86178,0.99994,0.00138,z
2459433.862081,0.99734,0.00138,z
2459433.862383,0.9976,0.00138,z
2459433.862998,0.99795,0.00139,z
2459433.865121,1.00046,0.00139,z
2459433.865434,1.00096,0.00139,z
2459433.865736,0.99983,0.00139,z
2459433.866038,0.99835,0.00138,z
2459433.866339,0.99906,0.00139,z
2459433.866653,1.00105,0.00138,z
2459433.866954,0.99844,0.00138,z
2459433.867256,0.99859,0.00139,z
2459433.867558,0.99653,0.00138,z
2459433.867871,0.99887,0.00138,z
2459433.868173,1.00071,0.00139,z
2459433.868474,0.99813,0.00139,z
2459433.868776,0.99887,0.00138,z
2459433.869089,0.99776,0.00138,z
2459433.869391,0.99786,0.00138,z
2459433.869693,0.99783,0.00138,z
2459433.870006,0.999,0.00138,z
2459433.870308,0.99857,0.00138,z
2459433.870609,0.9999,0.00138,z
2459433.870911,1.00049,0.00138,z
2459433.871224,1.0004,0.00138,z
2459433.871526,0.99594,0.00138,z
2459433.871828,1.00016,0.00138,z
2459433.872129,1.00004,0.00138,z
2459433.872443,0.99975,0.00138,z
2459433.872744,0.99969,0.00138,z
2459433.873046,0.99838,0.00138,z
2459433.873359,1.00168,0.00138,z
2459433.873661,1.00006,0.00138,z
2459433.873974,0.99903,0.00137,z
2459433.874277,0.99876,0.00138,z
2459433.874578,0.99816,0.00138,z
2459433.874879,1.00129,0.00138,z
2459433.875192,0.99656,0.00138,z
2459433.875494,1.00028,0.00138,z
2459433.875807,0.99892,0.00138,z
2459433.876108,0.99915,0.00138,z
2459433.87641,0.99959,0.00138,z
2459433.876711,0.99891,0.00138,z
2459433.877024,0.99977,0.00138,z
2459433.877327,0.99973,0.00138,z
2459433.877628,0.99879,0.00138,z
2459433.877941,1.00261,0.00138,z
2459433.878243,1.00131,0.00138,z
2459433.878556,0.99913,0.00139,z
2459433.878857,1.00056,0.00139,z
2459433.879158,0.99753,0.00138,z
2459433.87946,0.99826,0.00138,z
2459433.879774,0.99729,0.00138,z
2459433.880075,0.99909,0.00138,z
2459433.880377,0.99766,0.00138,z
2459433.88069,1.0016,0.00138,z
2459433.880991,0.99912,0.00138,z
2459433.881304,0.9991,0.00138,z
2459433.881605,0.99696,0.00138,z
2459433.881907,0.99912,0.00138,z
2459433.88222,1.00047,0.00138,z
2459433.882521,1.00046,0.00138,z
2459433.882822,0.99901,0.00138,z
2459433.883125,0.99749,0.00139,z
2459433.883439,0.99773,0.00139,z
2459433.883739,0.99977,0.00139,z
2459433.88404,0.99943,0.00139,z
2459433.884342,0.99797,0.00139,z
2459433.884655,0.99987,0.0014,z
2459433.885258,1.00027,0.0014,z
2459433.88557,0.99772,0.00139,z
2459433.885872,0.99764,0.00138,z
2459433.886173,0.99949,0.0014,z
2459433.886475,0.99838,0.00139,z
2459433.886788,0.99902,0.00139,z
2459433.887089,0.99906,0.00139,z
2459433.88739,0.99721,0.00139,z
2459433.887703,0.99934,0.00139,z
2459433.888005,0.99928,0.00139,z
2459433.888306,1.00231,0.00139,z
2459433.888619,0.99877,0.0014,z
2459433.888921,0.99714,0.00139,z
2459433.889222,0.99984,0.00139,z
2459433.889535,0.99877,0.00139,z
2459433.889836,0.99902,0.00139,z
2459433.890138,1.00024,0.00139,z
2459433.89044,0.99852,0.0014,z
2459433.890753,0.99828,0.0014,z
2459433.891055,1.00019,0.00139,z
2459433.891368,0.9973,0.00139,z
2459433.891669,1.00123,0.00139,z
2459433.89197,0.99983,0.00138,z
2459433.892272,0.99887,0.00139,z
2459433.892585,0.99704,0.00139,z
2459433.892886,0.99906,0.00139,z
2459433.893188,0.99958,0.00139,z
2459433.893501,0.99799,0.00139,z
2459433.893802,0.99824,0.00139,z
2459433.894104,0.99913,0.00139,z
2459433.894416,0.9994,0.00139,z
2459433.894718,0.99812,0.00139,z
2459433.895019,1.00058,0.00139,z
2459433.895332,0.99752,0.00139,z
2459433.895634,0.99928,0.00139,z
2459433.895935,0.99921,0.0014,z
2459433.896236,0.99718,0.00139,z
2459433.896549,0.99799,0.00139,z
2459433.896851,0.99847,0.00139,z
2459433.897152,0.99842,0.00139,z
2459433.897465,0.99816,0.00139,z
2459433.897767,0.99741,0.00139,z
2459433.898068,0.99621,0.00139,z
2459433.898369,1.00126,0.00139,z
2459433.898682,0.9974,0.00139,z
2459433.898984,0.99964,0.00139,z
2459433.899285,1.00045,0.0014,z
2459433.899598,0.99747,0.00139,z
2459433.8999,0.99982,0.00139,z
2459433.900203,1.00106,0.0014,z
2459433.900504,0.99887,0.0014,z
2459433.900817,0.99713,0.0014,z
2459433.901118,0.99913,0.0014,z
2459433.90142,0.9987,0.0014,z
2459433.901721,0.99853,0.0014,z
2459433.902034,1.00135,0.0014,z
2459433.902336,0.99812,0.0014,z
2459433.902649,0.99715,0.0014,z
2459433.90295,0.99999,0.00141,z
2459433.903251,0.99841,0.0014,z
2459433.903564,0.99899,0.0014,z
2459433.903866,0.99827,0.00139,z
2459433.904179,0.99909,0.00139,z
2459433.904481,1.0014,0.0014,z
2459433.904782,0.99673,0.00139,z
2459433.905095,0.99814,0.0014,z
2459433.905396,1.00035,0.0014,z
2459433.905698,1.00021,0.0014,z
2459433.906011,0.99877,0.00139,z
2459433.906312,0.99456,0.00139,z
2459433.906614,1.00044,0.00139,z
2459433.906927,0.99657,0.00139,z
2459433.907228,1.00098,0.0014,z
2459433.907529,0.99691,0.0014,z
2459433.907842,0.99882,0.0014,z
2459433.908144,1.00068,0.0014,z
2459433.908445,0.9974,0.0014,z
2459433.908747,0.99883,0.0014,z
2459433.90906,1.00024,0.0014,z
2459433.909362,0.9982,0.00139,z
2459433.909663,0.99995,0.0014,z
2459433.909976,0.99805,0.0014,z
2459433.910277,1.00032,0.0014,z
2459433.910579,0.99884,0.0014,z
2459433.91088,0.99852,0.0014,z
2459433.911193,0.99822,0.00139,z
2459433.911495,0.99796,0.00139,z
2459433.911797,0.99796,0.00139,z
2459433.912099,0.99619,0.00139,z
2459433.912412,0.99834,0.00139,z
2459433.912713,1.00281,0.00139,z
2459433.913014,1.00023,0.00139,z
2459433.913316,0.99793,0.00139,z
2459433.913629,0.99823,0.00139,z
2459433.91393,0.99916,0.0014,z
2459433.914231,0.99873,0.0014,z
2459433.914544,0.99804,0.0014,z
2459433.914846,0.99975,0.0014,z
2459433.915147,0.99988,0.0014,z
2459433.915449,0.99918,0.0014,z
2459433.915761,0.99731,0.00139,z
2459433.916063,1.00028,0.0014,z
2459433.916365,0.99888,0.0014,z
2459433.916666,1.00051,0.0014,z
2459433.916968,0.99856,0.0014,z
2459433.917282,0.99854,0.0014,z
2459433.917583,0.99908,0.0014,z
2459433.917896,0.99936,0.0014,z
2459433.918209,1.00036,0.00141,z
2459433.918511,0.99921,0.0014,z
2459433.918812,0.99957,0.0014,z
2459433.919114,0.99821,0.00139,z
2459433.919427,0.99819,0.00139,z
2459433.919729,0.99918,0.0014,z
2459433.92003,1.00182,0.0014,z
2459433.920343,1.00037,0.0014,z
2459433.920644,0.99975,0.0014,z
2459433.920946,1.00047,0.0014,z
2459433.921259,0.99955,0.0014,z
2459433.92156,0.99904,0.0014,z
2459433.921861,1.00042,0.0014,z
2459433.922163,0.99978,0.0014,z
2459433.922464,0.99817,0.00139,z
2459433.922777,1.00071,0.0014,z
2459433.92309,0.99908,0.0014,z
2459433.923391,0.99917,0.00141,z
2459433.923693,0.99975,0.00141,z
2459433.923994,1.00068,0.00141,z
2459433.924296,1.00184,0.00141,z
2459433.924609,0.99926,0.0014,z
2459433.92491,1.0,0.00141,z
2459433.925212,0.99789,0.00141,z
2459433.925513,1.002,0.00141,z
2459433.925826,0.99917,0.00141,z
2459433.926128,1.00258,0.0014,z
2459433.926429,1.00077,0.00141,z
2459433.926742,0.99843,0.0014,z
2459433.927044,1.00172,0.00141,z
2459433.927345,0.99763,0.00141,z
2459433.927658,1.00186,0.00141,z
2459433.927959,0.99987,0.00141,z
2459433.928272,1.00032,0.00142,z
2459433.928574,0.99919,0.00141,z
2459433.928875,0.99948,0.00141,z
2459433.929176,0.99839,0.00141,z
2459433.92949,0.99974,0.00141,z
2459433.929791,0.99845,0.00141,z
2459433.930092,0.99866,0.00141,z
2459433.930406,1.00002,0.00141,z
2459433.930707,0.99847,0.00141,z
2459433.931008,0.99788,0.00141,z
2459433.931321,1.00068,0.00141,z
2459433.931623,0.99604,0.00141,z
2459433.931936,1.00004,0.00141,z
2459433.932237,0.99826,0.00141,z
2459433.93255,1.00051,0.00142,z
2459433.932863,0.99812,0.00141,z
2459433.933164,0.99939,0.00141,z
2459433.933477,0.99883,0.00141,z
2459433.933779,0.99909,0.00141,z
2459433.934081,0.99691,0.00141,z
2459433.934394,1.00214,0.00142,z
2459433.934695,1.00002,0.00142,z
2459433.934997,0.99847,0.00142,z
2459433.935298,0.99903,0.00142,z
2459433.935611,0.99855,0.00142,z
2459433.935912,1.00012,0.00142,z
2459433.936214,1.00275,0.00142,z
2459433.936527,1.00211,0.00141,z
2459433.936828,1.00101,0.00141,z
2459433.93713,1.00087,0.00141,z
2459433.937443,0.99879,0.00141,z
2459433.937744,0.99883,0.00141,z
2459433.938045,1.00107,0.00141,z
2459433.938358,0.99996,0.00141,z
2459433.93866,1.0006,0.00141,z
2459433.938961,0.99959,0.00142,z
2459433.939262,0.99904,0.00141,z
2459433.939575,0.99765,0.00142,z
2459433.939877,1.00087,0.00142,z
2459433.94019,0.99814,0.00141,z
2459433.940491,0.99762,0.00142,z
2459433.940793,0.99925,0.00141,z
2459433.941094,0.99732,0.00141,z
2459433.941396,1.00033,0.00142,z
2459433.941709,1.00086,0.00142,z
2459433.94201,1.00114,0.00142,z
2459433.942312,1.00348,0.00142,z
2459433.942625,0.99833,0.00141,z
2459433.942926,1.00064,0.00141,z
2459433.943228,1.0016,0.00141,z
2459433.943541,0.99946,0.00141,z
2459433.943842,1.0002,0.00141,z
2459433.944144,0.99921,0.00141,z
2459433.944457,1.00073,0.00141,z
2459433.944758,0.99891,0.00141,z
2459433.945059,1.00092,0.00141,z
2459433.945361,1.0001,0.00141,z
2459433.945674,0.99886,0.00141,z
2459433.945975,1.00076,0.00141,z
2459433.946277,1.00128,0.00142,z
2459433.94659,1.0005,0.00142,z
2459433.946891,0.99927,0.00142,z
2459433.947192,0.99998,0.00142,z
2459433.947505,0.99913,0.00142,z
2459433.947807,0.99766,0.00142,z
2459433.948108,1.00228,0.00142,z
2459433.94842,1.00227,0.00142,z
2459433.948722,0.99839,0.00142,z
2459433.949023,0.9975,0.00142,z
2459433.949336,0.9981,0.00142,z
2459433.949649,1.00044,0.00142,z
2459433.94995,1.00199,0.00142,z
2459433.950252,0.99972,0.00142,z
2459433.950565,1.00046,0.00142,z
2459433.950866,1.00261,0.00142,z
2459433.951168,1.00124,0.00142,z
2459433.951469,1.0014,0.00142,z
2459433.951782,1.00273,0.00142,z
2459433.952083,0.99885,0.00142,z
2459433.952385,1.00482,0.00143,z
2459433.952698,1.00168,0.00143,z
2459433.952999,1.00066,0.00143,z
2459433.9533,1.0001,0.00143,z
2459433.953602,0.99929,0.00142,z
2459433.953915,0.9996,0.00143,z
2459433.954216,1.00221,0.00143,z
2459433.954518,1.00154,0.00143,z
2459433.954831,1.0008,0.00143,z
2459433.955133,1.00262,0.00143,z
2459433.955434,1.0003,0.00142,z
2459433.955748,1.00176,0.00142,z
2459433.956049,1.00108,0.00142,z
2459433.956351,1.00299,0.00142,z
2459433.956653,0.99943,0.00142,z
2459433.956966,1.00392,0.00142,z
2459433.957268,0.99939,0.00142,z
2459433.957569,1.00012,0.00142,z
2459433.957883,1.00092,0.00142,z
2459433.958184,1.00204,0.00143,z
2459433.958486,1.0005,0.00142,z
2459433.958788,1.00085,0.00143,z
2459433.959101,0.99965,0.00142,z
2459433.959403,0.99989,0.00143,z
2459433.959716,1.00015,0.00143,z
2459433.960018,1.00064,0.00143,z
2459433.96032,1.00006,0.00143,z
2459433.960621,1.001,0.00143,z
2459433.960935,0.9998,0.00143,z
2459433.961236,1.00125,0.00144,z
2459433.961538,1.00368,0.00143,z
2459433.961851,1.00271,0.00143,z
2459433.962153,0.99931,0.00143,z
2459433.962454,1.00016,0.00143,z
2459433.962767,0.99846,0.00143,z
2459433.963068,1.00078,0.00144,z
2459433.963381,1.00086,0.00143,z
2459433.963683,0.99996,0.00143,z
2459433.963985,1.00052,0.00143,z
2459433.964286,1.00211,0.00143,z
2459433.964599,1.0021,0.00143,z
2459433.964901,1.00337,0.00143,z
2459433.965202,0.99994,0.00143,z
2459433.965504,1.00183,0.00143,z
2459433.965817,1.00121,0.00143,z
2459433.966118,1.00039,0.00143,z
2459433.966431,1.00457,0.00143,z
2459433.966733,1.00282,0.00143,z
2459433.967035,1.00251,0.00143,z
2459433.967336,1.00278,0.00144,z
2459433.967649,1.0011,0.00144,z
2459433.967951,1.0044,0.00144,z
2459433.968252,1.00032,0.00143,z
2459433.968565,0.99905,0.00143,z
2459433.968867,1.00186,0.00143,z
2459433.969168,1.00296,0.00144,z
2459433.969481,0.99988,0.00144,z
2459433.969782,1.00118,0.00144,z
2459433.970084,1.00364,0.00145,z
2459433.970397,1.00179,0.00144,z
2459433.970698,1.00073,0.00144,z
2459433.970999,1.0012,0.00144,z
2459433.971312,1.00182,0.00144,z
2459433.971614,1.00096,0.00144,z
2459433.971915,0.99969,0.00145,z
2459433.972217,1.00008,0.00144,z
2459433.972518,1.00096,0.00144,z
2459433.972831,1.00095,0.00145,z
2459433.973132,1.00456,0.00145,z
2459433.973434,1.00092,0.00144,z
2459433.973747,1.00041,0.00144,z
2459433.974048,1.00225,0.00144,z
2459433.97435,1.00053,0.00143,z
2459433.974662,1.00473,0.00144,z
2459433.974987,0.99897,0.00143,z
2459433.9753,1.00158,0.00144,z
2459433.975602,1.00225,0.00144,z
2459433.975904,1.00049,0.00144,z
2459433.976217,1.0034,0.00144,z
2459433.976519,1.00649,0.00144,z
2459433.97682,1.00181,0.00144,z
2459433.977122,1.00302,0.00144,z
2459433.977435,1.0011,0.00144,z
2459433.977737,1.00272,0.00145,z
2459433.978039,1.00119,0.00145,z
2459433.978352,1.00118,0.00144,z
2459433.978653,1.00497,0.00145,z
2459433.978955,1.00082,0.00144,z
2459433.979268,0.99961,0.00144,z
2459433.97957,1.00225,0.00144,z
2459433.979871,1.00287,0.00144,z
2459433.980184,1.00317,0.00144,z
2459433.980486,0.9996,0.00145,z
2459433.980799,1.00176,0.00145,z
2459433.9811,1.00087,0.00144,z
2459433.981401,0.99854,0.00145,z
2459433.981703,1.00294,0.00144,z
2459433.982016,1.00266,0.00144,z
2459433.982317,1.00662,0.00144,z
2459433.982619,1.00139,0.00144,z
2459433.982932,1.0,0.00144,z
2459433.983233,1.00296,0.00145,z
2459433.983535,1.00148,0.00144,z
2459433.983848,1.00124,0.00144,z
2459433.984149,1.0051,0.00145,z
2459433.98445,1.00507,0.00145,z
2459433.984752,1.00492,0.00145,z
2459433.985065,1.00363,0.00145,z
2459433.985366,1.00194,0.00145,z
2459433.985668,1.00373,0.00145,z
2459433.985981,1.00445,0.00145,z
2459433.986282,0.99925,0.00145,z
2459433.986584,1.00296,0.00146,z
2459433.986885,1.00042,0.00146,z
2459433.987198,1.00289,0.00146,z
2459433.9875,1.00222,0.00145,z
2459433.987813,1.00507,0.00146,z
2459433.988114,1.00554,0.00146,z
2459433.988415,1.00414,0.00146,z
2459433.988728,1.00106,0.00145,z
2459433.98903,1.00326,0.00146,z
2459433.989331,1.00684,0.00146,z
2459433.989633,1.00592,0.00146,z
2459433.989946,1.0047,0.00146,z
2459433.990248,1.00182,0.00146,z
2459433.99055,1.0038,0.00146,z
2459433.990851,1.00123,0.00146,z
2459433.991165,1.00235,0.00146,z
2459433.991466,1.00351,0.00146,z
2459433.991768,1.00215,0.00146,z
2459433.99207,1.00213,0.00146,z
2459433.992383,1.00515,0.00146,z
2459433.992696,1.004,0.00146,z
2459433.992998,1.00558,0.00147,z
2459433.9933,1.00506,0.00146,z
2459433.993613,1.00507,0.00147,z
2459433.993915,1.0035,0.00147,z
2459433.994216,1.00213,0.00146,z
2459433.994518,1.00506,0.00147,z
2459433.994831,1.00505,0.00147,z
2459433.995133,1.00289,0.00147,z
2459433.995435,1.00394,0.00148,z
2459433.995737,1.00431,0.00148,z
2459433.996038,1.00611,0.00148,z
2459433.996351,1.00435,0.00148,z
2459433.996653,1.00478,0.00148,z
2459433.996955,1.00559,0.00148,z
2459433.997257,1.00258,0.00148,z
2459433.99757,1.00555,0.00148,z
2459433.997872,1.00305,0.00148,z
2459433.998173,1.00454,0.00148,z
2459433.998487,1.00686,0.00148,z
2459433.998788,1.00658,0.00148,z
2459433.99909,1.0066,0.00148,z
2459433.999392,1.00443,0.00148,z
2459433.999705,1.00529,0.00148,z
2459434.000007,1.00326,0.00148,z
2459434.000308,1.00562,0.00149,z
2459434.00061,1.0042,0.00148,z
2459434.000922,1.00453,0.00149,z
2459434.001224,1.00539,0.00149,z
2459434.001525,1.00591,0.00149,z
2459434.001827,1.00613,0.0015,z
2459434.00214,1.00604,0.00149,z
2459434.002441,1.00408,0.00149,z
2459434.002743,1.00439,0.00149,z
2459434.003044,1.00407,0.00149,z
2459434.003357,1.00366,0.00149,z
2459434.003659,1.00499,0.0015,z
2459434.003972,1.00621,0.0015,z
2459434.004273,1.00755,0.0015,z
2459434.004575,1.00812,0.0015,z
2459434.004876,1.00497,0.0015,z
2459434.005189,1.0055,0.0015,z
2459434.00549,1.00415,0.0015,z
2459434.005792,1.00615,0.0015,z
2459434.006105,1.00331,0.0015,z
2459434.006406,1.00536,0.00151,z
2459434.006708,1.00512,0.00151,z
2459434.007021,1.00733,0.00151,z
2459434.007322,1.00335,0.00151,z
2459434.007623,1.00857,0.00151,z
2459434.007925,1.00519,0.00151,z
2459434.008238,1.00404,0.00151,z
2459434.008539,1.00948,0.00152,z
2459434.00884,1.00446,0.00152,z
2459434.009153,1.0061,0.00152,z
2459434.009455,1.00261,0.00152,z
2459434.009756,1.00761,0.00152,z
2459434.010069,1.00577,0.00153,z
2459434.010371,1.00471,0.00152,z
2459434.010672,1.00415,0.00153,z
2459434.010973,1.0039,0.00153,z
2459434.011286,1.00564,0.00153,z
2459434.011588,1.00526,0.00153,z
2459434.011901,1.00419,0.00153,z
2459434.012203,1.0047,0.00153,z
2459434.012505,1.00642,0.00153,z
2459434.012818,1.00237,0.00154,z
2459434.01312,1.00746,0.00154,z
