dr3_source_id,ra_EDR3,dec_EDR3,parallax_EDR3,ruwe_EDR3,weight,v_l,v_b,x_pc,y_pc,z_pc,(BP-RP)0,(M_G)0,cluster,Prot_Adopted,Prot_TESS,Prot_ZTF,Prot_Confused
2127562009133684480,291.02306,46.43843,3.7099,0.981,0.087,2.78,-2.87,-8068.5,256.0,86.3,-0.115,0.442,CH-2,,,,0
2133166013742924672,290.16936,50.7656,3.8789,0.89,0.051,4.53,-2.61,-8087.8,245.0,93.3,0.65,3.745,CH-2,0.78,0.78,,0
2129870472456063744,291.90305,49.67067,3.5863,0.76,0.181,4.3,-2.78,-8082.1,266.5,92.4,0.734,4.178,CH-2,1.619,1.619,,0
2106471142730265856,286.26819,45.64278,3.5365,0.979,0.058,3.05,-2.61,-8056.9,262.8,102.4,0.908,5.116,CH-2,,,,0
2130029214447088640,290.84753,49.8426,3.5995,1.031,0.168,4.12,-3.07,-8081.8,264.6,95.4,1.048,5.473,CH-2,2.143,2.143,,0
2128840912955018368,293.94764,48.06526,3.7853,1.054,0.093,3.94,-2.12,-8079.9,254.0,80.1,1.105,5.68,CH-2,2.564,2.564,,0
2129719495765254272,291.99833,48.81763,3.6602,3.362,0.14,4.87,-3.23,-8079.3,261.1,89.0,1.285,6.058,CH-2,5.623,5.627,5.619,0
2130035639718206464,290.93438,49.94121,3.635,1.01,0.133,4.29,-2.94,-8082.7,262.1,94.6,1.379,6.371,CH-2,1.577,1.576,1.577,0
2106235301785454208,286.74853,45.15872,3.6598,0.998,0.043,2.39,-2.41,-8057.4,254.2,97.3,1.55,6.976,CH-2,3.366,3.344,3.388,1
2106235301785453824,286.74756,45.15802,3.6669,1.147,0.042,2.09,-2.88,-8057.5,253.7,97.2,1.812,7.495,CH-2,3.367,3.346,3.388,1
2127785313075229184,289.36144,46.89237,3.5837,1.04,0.133,3.01,-2.69,-8066.7,263.4,94.3,1.859,7.446,CH-2,2.685,2.682,2.687,0
2129930258400157440,291.33504,49.15594,3.9945,0.942,0.031,4.19,-2.39,-8083.5,238.7,85.6,1.888,8.167,CH-2,15.309,,15.309,0
2129417404945830784,290.12923,48.2085,3.5671,0.991,0.174,3.57,-2.88,-8073.2,265.9,94.9,2.018,7.785,CH-2,10.982,10.98,10.983,0
2107169165113864064,285.11538,45.78504,3.996,1.05,0.001,2.56,-1.64,-8063.9,231.4,96.3,2.036,7.968,CH-2,10.58,10.58,,0
2106508496064940544,285.54396,45.73121,3.5316,1.077,0.047,2.72,-3.13,-8056.4,262.3,104.8,2.281,8.066,CH-2,4.969,4.969,,0
2130135592196632192,290.9828,50.26155,3.6758,0.995,0.149,4.41,-2.68,-8084.6,259.3,94.2,2.294,8.383,CH-2,2.808,2.807,2.808,0
2134851775526125696,296.00384,49.08662,3.7509,2.683,0.076,4.0,-1.76,-8086.4,258.1,77.2,2.303,8.19,CH-2,12.228,1.919,12.228,0
2127726081184588160,289.65564,46.61034,3.5423,1.032,0.133,2.95,-3.04,-8065.1,266.7,93.8,2.322,8.488,CH-2,11.543,11.421,11.666,0
2133055723280822016,290.21206,50.30541,3.6158,1.638,0.14,4.61,-2.67,-8083.3,262.9,97.6,2.436,7.682,CH-2,4.368,4.368,,0
2133330051428541952,288.22611,51.02758,3.9572,1.035,0.026,4.72,-3.1,-8087.7,238.5,97.1,2.475,9.427,CH-2,15.689,,15.689,0
2126529468937923456,292.91309,45.38562,3.7904,0.945,0.06,3.62,-3.45,-8067.6,251.9,77.5,2.489,9.806,CH-2,,,,0
2139556207822524416,289.31533,52.96912,3.855,1.741,0.035,5.09,-2.7,-8096.0,245.8,99.5,2.564,8.157,CH-2,0.618,0.618,,0
2133510921093964928,288.3215,51.7504,3.9984,1.058,0.013,5.24,-1.72,-8091.1,236.1,97.2,2.694,10.892,CH-2,,,,0
2126008609657702784,291.17321,43.13471,3.9928,1.042,0.005,4.7,-3.5,-8059.4,236.3,75.2,2.713,11.371,CH-2,,,,0
2139369183468814464,290.79757,52.34213,3.8986,1.046,0.023,6.0,-1.67,-8095.1,244.3,94.1,2.901,11.14,CH-2,,,,0
2135947060905910528,293.06345,50.74431,3.5891,1.064,0.162,4.67,-2.76,-8088.3,267.4,91.3,2.927,9.973,CH-2,,,,0
2129891534975864064,292.22881,49.87073,3.9714,1.034,0.031,4.45,-2.05,-8087.1,241.0,85.0,2.934,9.923,CH-2,,,,0
2128941144612685184,293.97718,48.34345,3.6833,1.009,0.123,4.27,-2.51,-8080.0,261.1,82.2,3.034,9.195,CH-2,0.694,,0.694,0
2129395272975899904,290.64674,47.9067,3.6401,0.988,0.131,3.41,-2.82,-8073.5,261.0,91.4,3.045,10.484,CH-2,,,,0
2135812538230262016,295.59904,52.46613,3.784,1.047,0.044,5.51,-2.38,-8100.2,255.5,84.7,3.071,9.819,CH-2,,,,0
2139278748636772224,290.62591,52.31557,3.766,1.0,0.067,4.9,-2.66,-8093.9,252.8,97.0,3.077,10.796,CH-2,,,,0
2136160297441345792,292.39422,51.24433,3.8955,1.023,0.036,5.04,-1.87,-8092.2,245.9,88.3,3.083,10.486,CH-2,,,,0
2130026942405777664,290.82952,49.76271,3.5996,1.025,0.163,4.65,-3.05,-8081.4,264.5,95.3,3.103,10.235,CH-2,,,,0
2130909231769499648,289.00781,47.55733,4.0202,1.102,0.021,2.27,-2.05,-8075.0,234.7,88.4,3.299,11.741,CH-2,,,,0
2107132155378666112,284.99718,45.31313,3.6863,0.939,0.031,4.16,-3.3,-8056.8,250.4,102.2,3.326,11.417,CH-2,,,,0
2136561408730121472,294.15428,52.5157,3.8967,1.033,0.022,5.21,-1.87,-8099.4,247.1,86.4,3.342,10.948,CH-2,,,,0
2135433107939367040,296.63643,50.85392,3.7661,0.964,0.045,5.14,-1.69,-8094.7,257.6,79.1,3.486,11.025,CH-2,,,,0
2082008971824158720,302.13662,44.82768,2.9149,0.927,0.361,4.58,-3.24,-8066.0,336.3,59.4,-0.422,11.039,RSG-5,,,,0
2081986328756022144,302.539,45.01673,2.8651,1.146,0.291,4.52,-3.04,-8066.9,342.5,59.3,-0.214,-0.059,RSG-5,,,,0
2081738698122520832,303.82168,45.74104,2.9535,0.922,0.676,5.41,-3.43,-8075.0,333.4,56.0,-0.197,-0.671,RSG-5,,,,0
2082384317605663488,302.74675,45.60107,2.9891,1.11,0.552,5.35,-3.51,-8072.5,328.7,58.8,-0.137,0.637,RSG-5,,,,0
2081646132986902528,303.61977,45.62058,2.895,0.965,0.428,4.51,-3.39,-8073.0,340.0,57.0,-0.136,0.534,RSG-5,,,,0
2080810675946926080,304.21852,42.87107,2.9374,0.934,0.192,5.32,-3.64,-8061.5,334.1,45.4,-0.103,0.903,RSG-5,,,,0
2081724434527097472,303.8188,45.59434,2.9404,0.968,0.681,4.83,-3.64,-8074.0,334.9,55.7,-0.102,0.796,RSG-5,,,,0
2082364835634201728,303.15942,45.42899,2.9155,0.852,0.559,5.22,-3.5,-8071.3,337.2,57.8,0.009,1.668,RSG-5,,,,0
2081979693024624896,302.7169,45.01345,3.0162,0.885,0.437,5.05,-3.59,-8070.0,325.5,56.7,0.013,1.66,RSG-5,,,,0
2082038310734635136,302.29594,45.18833,3.0494,0.952,0.393,4.84,-3.07,-8070.6,321.7,58.3,0.027,1.692,RSG-5,,,,0
2081601980722071168,303.06776,45.08859,2.9722,0.905,0.548,4.98,-3.5,-8070.4,330.6,56.3,0.032,1.778,RSG-5,,,,0
2081909496073950336,301.72709,44.65327,2.9192,0.819,0.348,4.7,-3.5,-8064.4,335.4,60.3,0.08,1.701,RSG-5,,,,0
2081462720701840512,304.58863,45.08911,2.9278,1.033,0.49,5.28,-3.47,-8073.0,336.6,51.5,0.093,1.562,RSG-5,,,,0
2068589982158885248,304.56223,41.64433,2.902,0.867,0.216,3.86,-3.9,-8055.5,337.6,40.3,0.218,2.267,RSG-5,,,,0
2080835792915924736,304.0468,43.18726,2.8312,0.916,0.213,4.21,-3.25,-8060.4,346.7,48.0,0.317,2.533,RSG-5,,,,0
2080812806250789120,304.42603,42.87071,2.9698,0.846,0.188,5.48,-3.96,-8062.6,330.6,44.4,0.373,2.646,RSG-5,,,,0
2082390742877325952,303.24642,45.59332,2.938,0.896,0.673,5.23,-3.7,-8072.7,334.8,57.7,0.403,2.84,RSG-5,,,,0
2081816694727326976,301.73673,43.8901,2.9734,0.941,0.314,4.51,-3.78,-8061.6,328.9,57.2,0.428,2.879,RSG-5,,,,0
2081092838118111616,303.37399,43.73183,2.8134,0.971,0.229,4.49,-3.4,-8061.2,348.8,52.6,0.536,3.31,RSG-5,,,,0
2081734403155443712,304.12791,45.85105,2.9312,0.889,0.495,4.66,-3.93,-8075.8,336.2,55.6,0.538,3.258,RSG-5,,,,0
2081223748723105536,302.92882,44.88659,2.9956,0.863,0.517,4.99,-3.42,-8069.5,327.8,55.9,0.545,3.281,RSG-5,,,,0
2081742408974210304,303.65546,45.82927,2.9526,1.032,0.657,5.49,-3.56,-8075.0,333.5,56.9,0.585,3.609,RSG-5,1.403,1.403,,0
2081757351152470400,304.31435,45.98757,2.9147,0.745,0.545,5.39,-3.27,-8076.7,338.3,55.6,0.589,3.666,RSG-5,1.104,1.104,,0
2081602358680967936,303.13486,45.04615,3.0369,1.02,0.426,5.02,-3.09,-8071.4,323.6,55.2,0.639,2.661,RSG-5,0.899,0.899,,0
2081117229227768448,303.10817,43.99589,2.9568,0.823,0.344,4.78,-3.41,-8064.8,331.8,52.8,0.688,4.061,RSG-5,1.945,1.945,,0
2074399629815395456,301.24681,41.3433,2.9427,0.866,0.218,3.78,-3.27,-8047.3,330.1,51.3,0.695,4.172,RSG-5,2.79,2.79,,0
2081658468132007424,304.5428,45.30455,2.9403,0.865,0.598,5.34,-3.35,-8074.2,335.3,52.3,0.697,4.136,RSG-5,1.851,1.851,,0
2081720586236401536,303.96674,45.55665,3.0218,0.969,0.542,5.33,-3.68,-8075.4,325.9,54.1,0.843,4.213,RSG-5,3.612,3.612,,0
2075883523827190272,299.80145,42.79381,2.9422,1.708,0.199,3.71,-3.4,-8051.4,330.0,61.2,0.847,4.723,RSG-5,2.887,2.887,,0
2081741549980771200,303.71429,45.80637,3.0187,0.885,0.553,5.01,-3.59,-8076.1,326.2,55.8,0.862,4.923,RSG-5,2.52,2.52,,0
2081639020520996480,303.46453,45.54367,3.0102,1.069,0.527,5.28,-3.44,-8074.1,326.9,55.9,0.882,5.056,RSG-5,2.323,2.323,,0
2082011067768210816,302.19366,44.92402,2.8483,1.011,0.28,4.63,-3.0,-8065.4,344.2,60.5,0.895,5.185,RSG-5,4.053,4.053,,0
2075507937529953408,299.73151,42.74794,3.0287,0.885,0.159,3.91,-3.74,-8053.0,320.5,60.2,0.902,5.159,RSG-5,2.683,2.683,,0
2082051814111804672,302.26288,45.46776,3.0145,0.987,0.388,4.98,-3.1,-8071.3,325.5,59.7,0.904,5.3,RSG-5,5.462,5.462,,0
2082006360484117120,301.804,44.82945,2.9472,0.959,0.355,4.56,-3.86,-8065.9,332.3,60.2,0.918,5.166,RSG-5,4.538,4.538,,0
2081664103129240192,304.5876,45.47261,2.8302,0.989,0.273,5.04,-2.86,-8073.3,348.4,53.9,0.919,5.347,RSG-5,4.56,4.59,4.53,0
2081744985954741888,303.94295,45.81581,2.9684,0.987,0.633,5.3,-3.36,-8075.8,331.9,55.7,0.938,5.353,RSG-5,4.114,4.114,,0
2081724335751819520,303.82462,45.58015,2.9862,0.984,0.634,5.4,-3.47,-8074.7,329.7,55.1,0.947,5.405,RSG-5,3.045,2.952,3.139,0
2082383832265129472,302.70404,45.5685,2.999,1.151,0.498,4.96,-3.63,-8072.4,327.6,58.7,1.02,5.61,RSG-5,2.644,2.645,2.643,0
2081843048647104512,301.9034,44.11531,2.9425,0.979,0.317,4.52,-3.54,-8062.5,332.6,57.7,1.085,5.905,RSG-5,3.625,3.622,3.628,0
2081139910960099584,303.41776,44.16433,2.8079,0.969,0.254,4.47,-3.35,-8063.4,349.7,54.0,1.132,5.937,RSG-5,2.328,2.327,2.328,0
2081749074763705088,303.96172,46.01313,2.876,0.967,0.463,5.28,-3.14,-8075.4,342.6,57.4,1.173,6.075,RSG-5,5.005,5.006,5.003,0
2081755809272821248,304.28551,45.93402,2.9378,1.005,0.484,5.95,-3.51,-8076.7,335.6,55.2,1.191,6.229,RSG-5,6.614,13.354,6.614,0
2082142734285082368,300.43101,44.75101,2.9127,0.979,0.244,4.68,-3.21,-8062.0,335.1,65.4,1.2,6.083,RSG-5,5.095,5.095,,0
2082038005803867136,302.35524,45.17444,2.958,0.983,0.499,5.04,-3.51,-8069.0,331.7,59.2,1.322,6.413,RSG-5,3.677,3.681,3.674,0
2074995874350166784,301.61062,42.85303,2.9309,1.009,0.245,4.27,-3.37,-8055.3,332.9,54.9,1.379,6.648,RSG-5,6.643,6.613,6.674,0
2082464032200684544,302.73574,45.99002,3.0015,1.069,0.519,5.29,-3.41,-8074.6,327.5,59.9,1.411,6.699,RSG-5,4.142,4.137,4.147,0
2081220175310395776,303.21348,44.80708,3.0103,0.96,0.459,5.29,-3.79,-8070.0,326.4,54.5,1.449,6.758,RSG-5,7.733,7.82,7.645,0
2081641941098822272,303.67996,45.54278,2.916,1.407,0.631,5.47,-3.59,-8073.1,337.6,56.3,1.646,7.13,RSG-5,4.163,4.154,4.173,0
2081526423656287616,303.61926,44.48867,2.8284,1.008,0.279,4.73,-3.41,-8066.0,347.5,54.1,1.693,7.277,RSG-5,5.173,5.174,5.171,0
2082376861542398336,302.76208,45.50085,3.0256,0.932,0.508,5.09,-3.43,-8072.7,324.7,58.0,1.757,7.4,RSG-5,15.415,,15.415,0
2081663931330497664,304.55083,45.44436,3.0348,1.033,0.423,5.34,-3.52,-8076.4,324.9,51.7,1.794,7.503,RSG-5,3.971,3.971,3.972,0
2082070063440033536,302.05372,45.73346,3.0374,1.038,0.391,5.29,-3.31,-8072.5,323.0,60.9,1.878,7.672,RSG-5,4.694,4.693,4.694,0
2081203820074750592,303.33862,44.6661,2.9493,0.989,0.483,4.7,-3.35,-8068.5,333.1,54.3,1.909,7.727,RSG-5,2.624,2.621,2.627,0
2081354624964957440,304.26039,44.56021,2.9463,0.967,0.435,4.67,-3.36,-8070.0,334.1,50.7,1.942,7.801,RSG-5,9.183,9.153,9.213,1
2075857719664749952,301.17875,43.84354,3.0046,1.096,0.264,4.56,-3.18,-8060.9,325.0,58.6,1.947,7.268,RSG-5,4.729,4.736,4.722,0
2081724644989515904,303.89448,45.61579,2.9971,1.091,0.538,5.74,-3.3,-8075.2,328.6,54.9,1.982,7.906,RSG-5,5.655,5.665,5.645,0
2082408163264910464,303.04092,45.78182,2.8837,1.32,0.513,5.12,-3.46,-8072.3,341.0,59.7,1.989,7.547,RSG-5,,,,0
2081225913386673280,302.99699,44.97292,2.982,1.051,0.527,4.76,-3.15,-8069.9,329.4,56.1,2.031,7.94,RSG-5,5.008,5.003,5.013,0
2080989346587207936,303.2649,43.2986,2.812,1.022,0.22,4.18,-3.18,-8058.7,348.6,51.5,2.062,8.05,RSG-5,5.582,5.604,5.559,0
2082495162120828672,303.58987,45.92587,3.027,0.946,0.445,5.45,-2.96,-8076.5,325.3,56.5,2.075,8.129,RSG-5,9.539,9.592,9.486,0
2081630052629208704,303.82075,45.50388,2.9646,1.057,0.74,5.36,-3.62,-8074.0,332.1,55.1,2.109,7.489,RSG-5,6.979,6.973,6.985,0
2081737529891330560,303.69812,45.6721,2.9829,0.995,0.579,4.8,-3.38,-8074.8,330.1,55.9,2.134,7.471,RSG-5,6.638,3.065,6.638,0
2074804112651393152,302.06637,41.92091,2.9598,1.313,0.164,5.82,-2.53,-8052.4,329.3,49.9,2.269,9.581,RSG-5,,,,0
2082442385564859392,302.28876,45.73853,3.021,0.948,0.396,4.97,-3.14,-8072.8,324.9,60.4,2.3,8.557,RSG-5,6.677,,6.677,0
2081055660883362944,302.47959,43.58518,2.8934,1.049,0.293,4.52,-3.66,-8060.1,338.4,54.5,2.313,8.501,RSG-5,6.423,,6.423,0
2082643767988675584,302.08745,46.12299,2.9198,1.022,0.435,5.44,-3.39,-8072.6,336.2,63.7,2.318,8.52,RSG-5,,,1.397,0
2082397099429013120,303.37261,45.66339,2.9802,1.041,0.597,5.33,-3.65,-8074.0,330.1,57.0,2.32,8.002,RSG-5,12.753,,12.753,0
2081470760880795648,304.88569,45.27246,2.9837,1.012,0.442,5.08,-3.84,-8075.5,330.6,50.5,2.378,8.85,RSG-5,,,,0
2082374456360602880,302.6842,45.36425,3.0458,1.051,0.462,5.37,-3.6,-8072.2,322.4,57.6,2.4,8.82,RSG-5,3.259,,3.259,0
2082428160633113728,302.31896,45.59996,2.8892,0.983,0.412,5.34,-3.26,-8069.9,339.7,61.6,2.411,8.737,RSG-5,4.579,,4.579,0
2082023639126336768,301.53399,45.03725,3.0086,1.078,0.326,4.96,-3.46,-8067.5,325.4,61.0,2.419,8.814,RSG-5,9.754,,9.754,0
2081354624964957696,304.26028,44.56094,2.9593,1.038,0.432,5.14,-3.7,-8070.2,332.6,50.6,2.425,8.136,RSG-5,9.196,9.153,9.239,1
2082513991257567872,303.30741,46.20479,2.9254,0.945,0.592,5.2,-3.49,-8075.7,336.5,59.6,2.465,8.842,RSG-5,2.411,,2.411,0
2082410808964716928,302.87275,45.82349,3.0175,0.948,0.436,5.36,-2.99,-8074.3,325.8,58.7,2.476,8.957,RSG-5,3.461,3.461,,0
2081120016662804864,303.23989,44.13416,2.9479,0.951,0.395,5.11,-3.41,-8065.6,333.0,52.9,2.566,9.031,RSG-5,29.442,,29.442,0
2081689872933420032,304.64426,45.66709,2.9112,1.025,0.468,5.91,-3.55,-8075.8,338.8,53.4,2.568,9.113,RSG-5,1.44,,1.44,0
2081729730230713984,304.28006,45.73602,2.9366,0.945,0.555,5.39,-3.77,-8075.7,335.7,54.6,2.579,9.163,RSG-5,,,,0
2081568239458574336,303.8519,45.10149,2.9211,1.067,0.619,5.41,-3.42,-8071.3,336.9,54.2,2.607,9.154,RSG-5,1.983,,1.983,0
2081688395464645248,304.68927,45.56132,3.0109,1.001,0.487,5.48,-3.9,-8076.9,327.6,51.9,2.65,9.314,RSG-5,,,,0
2081612219924301184,303.24708,45.28477,2.9713,0.986,0.631,5.13,-3.21,-8071.7,330.9,56.3,2.662,9.507,RSG-5,,,,0
2076069753608680576,300.77289,44.27447,2.8609,0.974,0.208,4.45,-2.6,-8059.1,341.2,63.4,2.663,9.099,RSG-5,1.636,1.636,1.636,0
2075855108320328192,301.35044,43.80965,3.0309,1.116,0.222,4.05,-2.75,-8061.6,322.3,57.6,2.668,12.852,RSG-5,,,,0
2075502371252387968,299.92827,42.58102,2.9426,1.152,0.176,3.69,-2.67,-8050.6,329.9,60.1,2.682,9.173,RSG-5,3.921,3.921,,0
2081705747132445952,304.39773,45.74441,2.9475,0.955,0.531,5.62,-3.09,-8076.2,334.5,54.1,2.687,9.302,RSG-5,,,,0
2081630872956081920,303.48212,45.21888,3.051,0.972,0.419,4.92,-3.21,-8073.2,322.4,54.4,2.692,9.39,RSG-5,,,,0
2081453542347988992,305.08574,45.12104,3.0224,0.969,0.362,4.82,-2.91,-8075.8,326.4,49.0,2.704,9.388,RSG-5,,,,0
2080730617755600128,303.73437,42.84983,2.8259,0.955,0.218,3.96,-3.18,-8057.8,346.9,48.1,2.723,9.638,RSG-5,0.795,,0.795,0
2081966640625918336,302.71472,44.73438,3.0002,1.113,0.398,4.7,-3.22,-8068.4,327.1,56.1,2.73,9.007,RSG-5,15.519,,15.519,0
2085241153745633024,299.50427,45.63907,2.8341,1.03,0.15,3.7,-3.6,-8063.0,344.0,72.8,2.732,9.538,RSG-5,,,,0
2081547378793603200,304.05309,44.75345,2.9685,0.955,0.46,4.71,-3.16,-8070.9,331.5,51.8,2.737,9.409,RSG-5,,,,0
2081211619735232384,303.03804,44.62202,3.024,1.004,0.343,4.76,-2.88,-8069.0,324.7,54.3,2.739,9.53,RSG-5,1.648,,1.648,0
2081740033848644096,303.85325,45.80704,3.0029,1.013,0.575,4.95,-3.83,-8076.1,328.0,55.5,2.76,9.885,RSG-5,,,,0
2081575901680300672,304.04326,45.23621,2.9624,1.018,0.628,5.34,-3.85,-8073.1,332.4,53.5,2.762,9.72,RSG-5,,,,0
2081677125469997824,304.43916,45.54246,2.8239,1.179,0.344,5.22,-3.32,-8073.2,349.1,54.7,2.769,8.979,RSG-5,11.054,,11.054,0
2082390639798108416,303.25771,45.57372,2.9493,0.979,0.668,5.34,-3.4,-8072.8,333.5,57.5,2.776,10.106,RSG-5,,,,0
2082717057311938176,301.56771,46.51458,2.8647,1.004,0.263,4.5,-3.28,-8072.5,342.4,67.6,2.806,10.054,RSG-5,,,,0
2081866000953158272,301.39482,44.04718,3.0446,0.947,0.246,4.86,-3.49,-8063.1,321.0,58.0,2.815,9.806,RSG-5,,,,0
2082000381889482240,301.93496,44.64473,2.9661,1.064,0.374,4.92,-3.18,-8065.7,330.2,58.9,2.823,9.798,RSG-5,,,,0
2081680694576575360,304.25857,45.61562,3.0079,0.99,0.534,5.34,-3.26,-8076.2,327.7,53.5,2.838,9.993,RSG-5,,,,0
2081730172600231936,304.26324,45.76524,2.9145,1.021,0.518,5.13,-3.16,-8075.4,338.2,55.0,2.838,9.007,RSG-5,,,,0
2081977567022885632,302.89433,45.02023,2.9303,0.99,0.55,5.16,-3.34,-8068.9,335.1,57.2,2.84,9.615,RSG-5,,,,0
2069175330362054400,305.78028,43.216,2.8941,1.028,0.189,4.43,-3.86,-8066.0,340.4,41.3,2.842,11.234,RSG-5,,,,0
2081752373298678528,303.90074,46.07228,2.8323,1.047,0.35,5.48,-3.01,-8074.8,347.9,58.4,2.851,9.624,RSG-5,,,,0
2081602869772235264,303.19523,45.09142,3.0359,0.946,0.439,5.26,-3.73,-8071.8,323.7,55.1,2.852,10.06,RSG-5,,,,0
2076020653541477888,300.4341,43.55073,2.934,1.03,0.242,4.24,-3.36,-8056.3,332.0,61.3,2.852,9.54,RSG-5,,,,0
2081980552014790784,302.789,45.05211,2.8275,0.987,0.306,5.06,-3.5,-8066.9,347.3,59.0,2.853,9.911,RSG-5,,,,0
2082400943415898624,303.34967,45.76138,2.9308,1.046,0.632,5.33,-3.73,-8073.7,335.7,58.0,2.854,9.788,RSG-5,,,,0
2081612009459908736,303.25142,45.28111,2.8948,1.013,0.46,4.88,-3.17,-8070.4,339.6,57.2,2.856,10.092,RSG-5,,,,0
2068694263964563840,304.42259,42.38654,2.8127,1.045,0.21,3.66,-3.98,-8056.8,348.7,44.0,2.864,9.335,RSG-5,,,,0
2081547383097150848,304.05039,44.75564,2.9608,1.006,0.488,4.82,-3.37,-8070.8,332.4,51.9,2.871,9.16,RSG-5,3.205,,3.205,0
2081627780580252288,303.6791,45.40992,2.8909,0.991,0.314,3.83,-3.3,-8072.0,340.4,56.2,2.873,11.44,RSG-5,,,,0
2081831396391091072,302.19882,44.09045,2.9155,1.082,0.34,4.82,-3.17,-8062.5,335.9,56.9,2.885,10.381,RSG-5,,,,0
2082015461508844416,302.06763,45.01755,2.8637,0.918,0.313,4.91,-3.5,-8065.9,342.3,61.0,2.886,9.87,RSG-5,,,,0
2082371604502327040,302.69705,45.36955,3.0684,0.972,0.349,4.59,-3.21,-8072.6,320.1,57.3,2.887,10.233,RSG-5,,,,0
2081678706018007808,304.43184,45.6233,2.9534,0.983,0.508,5.77,-3.81,-8075.7,333.8,53.5,2.893,10.297,RSG-5,,,,0
2081215639824808064,302.94528,44.67899,2.8668,0.989,0.301,4.48,-2.84,-8066.2,342.4,56.7,2.896,9.971,RSG-5,,,,0
2081540614228403584,303.81854,44.83704,2.9762,1.101,0.369,4.17,-3.22,-8070.9,330.5,52.8,2.906,10.212,RSG-5,,,,0
2082399328505622912,303.45973,45.78688,3.012,0.973,0.537,5.23,-3.62,-8075.3,326.7,56.7,2.908,10.197,RSG-5,,,,0
2074949346957260416,302.35171,42.63774,2.9734,1.015,0.225,5.34,-3.92,-8056.8,328.6,51.0,2.909,10.321,RSG-5,,,,0
2081755396955952896,304.30308,45.88992,2.9155,1.031,0.569,5.78,-3.85,-8076.2,338.2,55.3,2.91,10.107,RSG-5,,,,0
2081163030760529792,302.87896,44.09469,2.9009,0.931,0.32,4.53,-3.6,-8063.7,338.1,54.6,2.921,10.142,RSG-5,,,,0
2081686260857492992,304.91115,45.5743,2.9013,1.086,0.443,5.71,-3.28,-8075.8,340.1,52.3,2.922,10.63,RSG-5,,,,0
2081603556963811328,303.12977,45.11492,3.062,1.0,0.385,4.64,-3.48,-8072.2,320.9,55.1,2.923,10.251,RSG-5,,,,0
2075928157118463872,300.23828,43.45764,2.9964,0.991,0.163,5.99,-2.52,-8056.8,324.9,60.9,2.934,10.68,RSG-5,,,,0
2080915709365504128,303.93437,43.65497,3.0266,1.152,0.247,4.75,-2.64,-8066.3,324.5,48.2,2.942,10.285,RSG-5,,,,0
2081987050301280256,302.36511,44.95071,2.9693,0.988,0.423,4.54,-3.15,-8068.2,330.3,58.3,2.943,10.802,RSG-5,,,,0
2082500998973646336,303.50237,46.11974,2.9947,1.105,0.464,5.99,-2.86,-8076.8,328.8,57.8,2.944,10.863,RSG-5,,,,0
2085391340164306816,299.97595,46.5456,2.8233,0.959,0.148,3.77,-3.67,-8068.6,346.1,74.1,2.946,9.934,RSG-5,,,,0
2075782295733641088,301.7402,43.2657,2.8669,1.055,0.239,4.37,-3.75,-8056.2,340.7,56.5,2.95,10.264,RSG-5,,,,0
2075737323139840000,301.41951,42.64953,2.8755,1.073,0.234,4.27,-3.68,-8052.5,339.0,55.6,2.953,9.508,RSG-5,,,,0
2080689622285429120,303.66916,42.25567,2.8823,0.963,0.218,3.64,-3.01,-8055.9,339.7,45.8,2.965,9.963,RSG-5,,,,0
2081701108567797632,304.58118,45.62585,2.9466,0.958,0.639,5.28,-3.42,-8076.0,334.7,53.1,2.968,10.691,RSG-5,,,,0
2082363972335462400,303.1459,45.34492,2.9422,1.052,0.557,5.3,-2.95,-8071.3,334.1,57.2,2.972,10.361,RSG-5,,,,0
2081978524793495936,302.70768,44.96492,2.9878,1.004,0.489,4.74,-3.58,-8069.3,328.5,57.0,2.976,10.587,RSG-5,,,,0
2082364315932995712,303.10096,45.39324,2.8881,1.065,0.44,5.93,-3.85,-8070.5,340.4,58.2,2.977,9.906,RSG-5,,,,0
2082506054158143104,303.58913,46.15196,2.9406,0.95,0.552,5.57,-3.11,-8076.3,334.9,58.3,2.991,9.361,RSG-5,,,,0
2081676468328607744,304.4007,45.54826,3.0055,0.957,0.554,5.28,-3.57,-8076.1,328.0,52.8,2.998,10.486,RSG-5,,,,0
2081195569434061440,303.03859,44.37121,2.944,0.996,0.416,4.72,-3.29,-8066.3,333.4,54.4,3.001,10.381,RSG-5,,,,0
2082395037844861824,303.14062,45.67384,2.8706,1.083,0.464,5.68,-3.57,-8071.7,342.6,59.2,3.02,9.698,RSG-5,,,,0
2081669974342252160,304.26631,45.43394,2.9257,0.946,0.597,5.06,-3.28,-8074.0,336.8,53.8,3.022,10.537,RSG-5,,,,0
2081588683503568768,303.56542,44.95638,3.0419,1.077,0.401,4.82,-3.86,-8072.0,323.3,53.4,3.031,10.224,RSG-5,,,,0
2082662833339303680,301.98216,46.37678,3.0556,0.985,0.319,4.43,-3.65,-8075.8,321.2,62.9,3.043,9.782,RSG-5,,,,0
2075565936763597952,299.17231,42.76259,2.9573,1.054,0.142,3.78,-2.52,-8050.3,327.7,63.2,3.048,10.584,RSG-5,,,,0
2062576405174587648,304.07408,41.2622,3.0271,1.353,0.126,3.59,-3.67,-8055.3,323.0,40.0,3.05,11.037,RSG-5,,,,0
2081641838019627904,303.73656,45.5387,3.045,0.983,0.43,5.3,-3.31,-8075.2,323.3,54.6,3.071,10.642,RSG-5,,,,0
2075577928314669312,299.28445,43.10388,2.8082,0.986,0.158,4.34,-3.5,-8048.5,345.5,66.1,3.08,10.901,RSG-5,,,,0
2082416233501351552,303.28323,45.9641,3.0278,1.073,0.474,5.36,-3.18,-8076.0,325.0,57.7,3.084,11.531,RSG-5,,,,0
2074812732637849088,301.76306,41.90619,3.0433,1.044,0.128,5.88,-3.97,-8053.5,320.0,50.2,3.089,11.028,RSG-5,,,,0
2081727939216919936,304.22142,45.64973,3.0565,0.931,0.403,5.0,-3.12,-8077.0,322.4,53.2,3.094,11.19,RSG-5,,,,0
2081219793046352512,303.14721,44.76601,2.8647,0.964,0.346,5.06,-3.32,-8067.0,342.9,56.3,3.096,10.612,RSG-5,,,,0
2082044254970360576,302.38805,45.25275,3.0045,0.937,0.456,4.77,-3.61,-8070.3,326.6,58.7,3.098,9.976,RSG-5,,,,0
2081206564546899072,303.24234,44.6685,3.015,1.036,0.429,4.75,-3.53,-8069.5,325.8,53.9,3.108,10.937,RSG-5,,,,0
2075929943835165824,300.21951,43.5073,2.915,0.925,0.212,4.05,-3.23,-8055.2,333.9,62.2,3.113,10.077,RSG-5,,,,0
2075775943486189568,301.69228,43.21433,3.047,1.084,0.2,3.94,-3.5,-8059.8,320.5,54.4,3.124,10.059,RSG-5,,,,0
2081735326561391744,304.03852,45.86999,2.911,0.915,0.636,5.51,-3.65,-8075.4,338.5,56.2,3.139,10.549,RSG-5,,,,0
2082426064689235968,302.50869,45.62833,2.9128,0.97,0.5,5.21,-3.24,-8070.8,337.1,60.7,3.144,10.968,RSG-5,,,,0
2081744912932494720,303.70165,45.97987,2.9528,1.117,0.657,5.68,-3.47,-8075.9,333.5,57.2,3.152,11.283,RSG-5,,,,0
2082412041608924928,303.03714,45.89827,2.8263,1.022,0.307,5.23,-3.72,-8071.9,347.9,60.9,3.159,11.371,RSG-5,,,,0
2082415924262577664,303.22009,45.92399,2.9792,1.012,0.545,5.45,-3.3,-8075.0,330.2,58.3,3.166,10.818,RSG-5,,,,0
2081164611308289024,303.06154,44.0463,2.9012,1.005,0.32,4.8,-3.93,-8063.9,338.2,53.8,3.185,10.8,RSG-5,,,,0
2081568200796644096,303.85461,45.08208,2.9924,1.005,0.489,4.7,-3.34,-8072.4,328.9,53.3,3.187,11.658,RSG-5,,,,0
2082533984319323520,303.71501,46.41277,2.8841,0.992,0.471,5.63,-3.88,-8077.0,341.6,59.5,3.189,10.995,RSG-5,,,,0
2081392828688845952,305.08642,44.73624,2.9953,1.038,0.309,4.62,-2.67,-8073.6,329.2,48.0,3.199,11.285,RSG-5,,,,0
2074635264585973760,302.77083,41.45345,3.0093,1.022,0.171,3.77,-3.17,-8052.8,324.1,45.4,3.213,11.054,RSG-5,,,,0
2082503335437613568,303.64791,46.11956,2.9217,1.108,0.472,4.51,-3.5,-8076.0,337.1,58.2,3.232,12.047,RSG-5,5.147,,5.147,0
2081567204363714688,303.89337,45.05287,2.9554,1.094,0.575,4.86,-3.38,-8071.8,333.0,53.5,3.233,11.161,RSG-5,,,,0
2081567238723967360,303.91792,45.05448,2.9716,1.053,0.475,5.68,-2.8,-8072.1,331.2,53.3,3.241,10.754,RSG-5,,,,0
2081039713660342912,302.14416,43.49819,2.8386,1.003,0.238,4.86,-3.59,-8057.7,344.6,56.1,3.244,10.833,RSG-5,,,,0
2081880084138335744,301.30615,44.22275,3.0269,1.035,0.244,4.12,-3.94,-8063.4,322.9,59.0,3.251,11.995,RSG-5,,,,0
2081996838531230976,302.42909,45.18144,2.8651,1.018,0.363,5.05,-3.42,-8067.5,342.5,60.2,3.257,10.571,RSG-5,,,,0
2081791955715494400,301.99248,43.5918,2.8341,1.037,0.241,3.77,-3.34,-8057.7,345.0,57.0,3.258,11.234,RSG-5,,,,0
2082225674386612480,301.44924,45.39724,3.0103,1.125,0.311,5.2,-2.89,-8069.2,325.3,62.3,3.369,10.651,RSG-5,,,,0
