dr2_source_id,dr3_source_id,kepid,ra_EDR3,dec_EDR3,weight,v_l,v_b,x_pc,y_pc,z_pc,kic_dr2_ang_dist,edr3_dr2_mag_diff
2073765172933035008,2073765172933035008,5641711,297.4099,40.8972,0.0409,-0.5061,-8.2328,-8035.42,331.44,65.32,0.298,0.002
2073892308274949120,2073892308274949120,6065960,298.0314,41.339,0.04952,1.4136,-0.8715,-8036.03,344.34,65.76,0.036,-0.015
2073771460762296192,2073771460762296192,5213142,298.0653,40.375,0.08193,1.9223,-3.6193,-8031.87,340.04,62.21,0.066,-0.004
2073631105539157504,2073631105539157504,4585976,297.3849,39.6103,0.07884,1.0021,-7.8194,-8036.96,301.03,57.99,0.08,-0.009
2073635847183278848,2073635847183278848,4679850,297.6129,39.7394,0.04996,5.8362,-6.4464,-8031.49,324.77,60.36,0.017,-0.013
2073546236994620288,2073546236994620288,5217688,298.9268,40.3298,0.04976,4.4018,-1.5152,-8044.29,299.44,54.0,0.05,-0.019
2073677800425252352,2073677800425252352,5212823,297.999,40.3574,0.0742,3.8374,-1.8903,-8035.09,326.97,60.83,0.046,-0.018
2073682404629778944,2073682404629778944,5123323,297.6743,40.2401,0.05568,5.4302,-4.7128,-8043.7,289.93,57.16,0.025,-0.015
2073685771884589440,2073685771884589440,5123097,297.6234,40.2847,0.06283,0.7165,-2.5945,-8034.87,323.07,61.64,0.026,-0.002
2073574235871755136,2073574235871755136,5039033,298.3259,40.1282,0.08155,5.5958,-5.1098,-8035.55,323.59,58.47,0.052,-0.014
2073831491536527872,2073831491536527872,5903003,298.5959,41.199,0.07517,0.0945,-4.9813,-8041.86,323.24,60.41,0.012,0.007
2073837229612862464,2073837229612862464,6067817,298.4787,41.3926,0.06938,-0.4285,-5.2244,-8043.85,318.13,60.78,0.062,0.005
2073598085842244096,2073598085842244096,5391520,298.8303,40.5074,0.06264,-0.419,-4.5762,-8038.11,325.95,57.83,0.03,-0.004
2099735298280416384,2099735298280416384,4144893,288.0453,39.2031,0.02999,3.6946,-0.6834,-8018.81,291.44,92.21,0.041,-0.01
2099740658399587328,2099740658399587328,4249702,287.8855,39.3237,0.20047,-1.3363,-2.8985,-8013.51,307.42,97.07,0.085,-0.017
2099741551752820480,2099741551752820480,4249749,287.9023,39.3977,0.23236,-2.1112,-4.7529,-8012.04,312.89,98.51,0.062,-0.026
2099091259345916800,2099091259345916800,2283541,286.17,37.6018,0.05354,-1.8731,-6.7728,-8015.12,269.68,91.44,0.042,-0.007
2099757288513455232,2099757288513455232,4352328,287.772,39.4908,0.23643,-1.3997,-4.1394,-8003.78,337.23,105.39,0.018,-0.012
2099779553623847680,2099779553623847680,4644174,288.5444,39.7993,0.26173,-0.9197,-3.5618,-8009.91,329.71,100.59,0.09,-0.008
2099133865420292992,2099133865420292992,2557430,286.8454,37.8159,0.03449,0.0924,-9.6642,-8001.35,311.16,99.6,0.209,-0.004
2099155752573830016,2099155752573830016,2558273,287.1035,37.8941,0.04236,-1.0143,-9.7583,-8001.6,313.11,99.06,0.035,-0.001
2099497460172538752,2099497460172538752,3946190,289.1312,39.0235,0.15214,-1.1496,-4.2921,-8017.22,299.21,89.15,0.029,0.009
2099187088655077760,2099187088655077760,2834805,286.7015,38.0422,0.06316,1.0661,-3.2037,-7985.75,354.42,111.83,0.063,-0.007
2099188978440310528,2099188978440310528,2555680,286.278,37.8145,0.25262,-2.3355,-3.8254,-7991.29,333.84,108.16,0.004,0.001
2099192822430193664,2099192822430193664,2694337,286.2859,37.9097,0.17072,-1.6075,-4.0715,-8005.59,298.71,99.11,0.037,0.002
2099537764145002880,2099537764145002880,3222369,287.75,38.3881,0.27732,-1.7367,-3.6111,-8002.28,322.68,99.46,0.091,0.004
2099555459409402624,2099555459409402624,3430868,287.6126,38.5616,0.13048,-1.0465,-6.6638,-8004.48,318.72,99.5,0.121,0.012
2099618131572631680,2099618131572631680,3733157,287.045,38.8078,0.17125,-3.9759,-2.6396,-8001.14,328.54,105.16,0.063,-0.009
2099643935736477696,2099643935736477696,4044261,287.7205,39.1375,0.02053,-2.8074,-10.2447,-7998.54,345.46,106.89,0.039,-0.014
2099644446834259584,2099644446834259584,4044353,287.7535,39.1709,0.09814,-4.5702,-6.4671,-8003.56,332.19,103.5,0.081,0.006
2099646856314081024,2099646856314081024,3941219,287.406,39.0209,0.16299,-3.5453,-5.4192,-8000.66,335.59,105.69,0.029,-0.0
2099648368142589568,2099648368142589568,3941283,287.4321,39.046,0.30443,-1.7911,-3.8387,-8007.52,317.17,100.97,0.034,0.002
2080065134037830400,2080065138342687872,9351053,295.1581,45.8436,0.09096,4.5116,-3.1906,-8059.2,321.71,85.83,0.032,-0.001
2080091732779239168,2080091732779239168,9596155,294.9818,46.2545,0.05526,3.4291,1.1059,-8068.77,280.8,79.05,0.641,-0.029
2080333728416384128,2080333728416384128,9782810,296.5431,46.5312,0.09985,3.5912,-5.9431,-8066.3,316.9,81.59,0.125,0.005
2080175085205622656,2080175085205622656,9166700,296.3381,45.5451,0.04165,4.9649,1.1614,-8064.48,298.14,76.27,0.021,0.002
2079893786325177088,2079893786325177088,8631500,294.3892,44.7487,0.09983,2.1426,-3.4924,-8051.86,321.95,86.01,0.097,-0.008
2079903029095005696,2079903029096889856,8760485,294.5029,44.988,0.04222,8.3007,-4.0125,-8059.25,294.29,80.56,0.076,-0.014
2080468964046179328,2080468964046179328,9839872,295.3637,46.6835,0.03914,7.0609,-0.9673,-8062.49,330.06,88.95,0.062,-0.009
2079663369921674624,2079663369921674624,8570134,295.5734,44.6007,0.03183,1.5667,-2.9086,-8046.99,352.15,86.75,0.036,-0.013
2080265455615773312,2080265455615773312,9602418,297.0944,46.2504,0.07261,2.6713,-0.7517,-8064.97,322.36,79.89,0.08,-0.011
2079682022958914176,2079682022958914176,8444309,296.5371,44.4562,0.06634,7.1604,-2.6656,-8053.46,327.52,78.04,0.037,-0.007
2079686494024860032,2079686494024860032,8508291,296.3934,44.5701,0.07207,6.3751,-2.0675,-8058.78,303.44,74.63,0.019,-0.011
2079697935817658880,2079697935817658880,8508009,296.317,44.5293,0.06891,2.8035,-1.3725,-8063.11,281.1,70.83,0.009,-0.004
2080536931908027392,2080536931908027392,10023062,296.2289,46.9635,0.10971,4.8296,-1.1959,-8070.13,303.91,81.25,0.069,0.001
2079721742816443008,2079721742816443008,8766982,296.6551,44.9647,0.09357,5.2491,-1.9098,-8060.67,306.17,75.18,0.079,-0.007
2125856361663343232,2125856361663343232,7448057,292.7672,43.0986,0.03034,6.373,-3.3507,-8037.48,330.84,90.18,0.084,-0.031
2126234520642176640,2126234520642176640,8429170,291.2194,44.4715,0.1156,1.4308,-3.9957,-8046.46,312.95,95.67,0.019,-0.013
2126351588572776064,2126351588572776064,8234825,292.3651,44.1123,0.02367,6.4898,0.7903,-8058.9,262.06,79.07,0.017,-0.015
2126363408322823936,2126363408322823936,8366870,292.3174,44.3339,0.03794,3.963,-9.0043,-8053.14,290.17,85.97,0.015,-0.013
2125710985610039808,2125710985610039808,6780052,292.6289,42.2246,0.03043,1.5759,-6.6959,-8049.49,267.34,75.56,0.01,-0.015
2125788428159994368,2125788428159994368,7032968,291.5863,42.5099,0.03958,-1.3446,0.3487,-8041.19,296.15,86.05,0.067,-0.005
2126145052183993344,2126145052183993344,8027456,291.316,43.8593,0.11828,1.902,-3.1442,-8046.94,298.66,90.57,0.022,0.006
2126169993053537024,2126169993053537024,8233504,291.8579,44.1653,0.09682,1.2301,-5.485,-8044.94,317.27,93.47,0.045,-0.004
2100663595331153920,2100663595331153920,4819564,286.3555,39.9181,0.10527,-1.2132,-3.5851,-7997.69,353.54,117.63,0.125,-0.022
2100218568000743680,2100218568000743680,4136285,284.8012,39.2173,0.04453,-1.1927,0.4286,-8017.95,277.88,102.04,0.02,0.011
2100711046130108544,2100711046130108544,5171232,286.5129,40.3596,0.34058,-0.9982,-3.2022,-8009.98,327.09,110.55,0.053,-0.011
2101088900175248000,2101088900175248000,4649635,290.1933,39.758,0.04424,4.0145,-3.7127,-8012.22,332.71,93.62,0.042,-0.01
2101092091333095936,2101092091333095936,4649476,290.1496,39.7838,0.06724,2.393,-1.905,-8015.91,321.71,91.46,0.028,0.008
2100727882401602944,2100727882401602944,4994506,286.0319,40.1417,0.29513,-0.8695,-3.6269,-8005.22,334.18,114.35,0.054,-0.005
2099866243243441152,2099866243243441152,2831943,285.79,38.0279,0.06498,1.8899,-0.8282,-7991.34,334.41,111.2,0.086,-0.016
2100302680639307904,2100302680639307904,4137413,285.1495,39.2978,0.32411,-0.7555,-2.1226,-8005.64,313.86,111.08,0.535,-0.029
2101462562329928704,2101462562329928704,5869314,289.5467,41.1801,0.03079,4.9909,-1.5872,-8030.17,297.33,91.48,0.048,-0.016
2101469021961212544,2101469021961212544,6117832,289.9893,41.4367,0.05208,2.577,-3.6397,-8017.45,346.75,101.79,0.089,-0.018
2100344462081547904,2100344462081547904,4636938,285.5923,39.7915,0.18631,0.5011,-0.9781,-8006.48,322.05,112.31,0.078,-0.001
2099929151623465728,2099929151623465728,3096453,285.3642,38.2814,0.07285,-0.9969,-5.8489,-7983.91,355.3,119.67,0.057,-0.005
2099934339943954176,2099934339943954176,3215845,285.2883,38.396,0.27736,-2.976,-4.4379,-8000.97,312.74,108.4,0.017,-0.009
2100367757983349760,2100367757983349760,3631048,286.8129,38.7879,0.311,-1.3347,-4.5721,-8002.43,323.39,104.89,0.049,-0.023
2100375523284267648,2100375523284267648,3836772,287.0685,38.9451,0.2504,-2.6577,-2.6244,-8005.15,319.99,103.15,0.034,-0.009
2099956678074032512,2099956678074032512,3218637,286.382,38.3354,0.21245,-2.436,-3.1397,-8005.48,305.79,101.36,0.039,0.0
2101503175541042048,2101503175541042048,5360976,291.3547,40.53,0.06186,2.9281,-5.9789,-8035.95,278.75,79.0,0.098,-0.017
2100395035319632256,2100395035319632256,4142137,286.9893,39.2128,0.38471,-1.5382,-3.9106,-8006.28,320.81,104.28,0.136,-0.02
2100010519784766080,2100010519784766080,3731563,286.4259,38.8571,0.1862,-1.7466,-3.4609,-7993.03,347.68,113.33,0.048,0.005
2100458330254475136,2100458330254475136,4448737,286.4503,39.5092,0.31808,-1.6731,-3.8536,-8002.06,334.43,111.07,0.068,0.005
2100907648256384896,2100907648256384896,6028942,286.9592,41.3721,0.04556,-6.695,-2.7934,-8013.91,336.52,113.18,0.076,-0.008
2101219742057611264,2101219742057611264,4646159,289.1773,39.7003,0.06547,1.6295,-1.8534,-8024.42,288.98,87.98,0.046,-0.006
2100028249409425664,2100028249409425664,3527862,285.9463,38.6602,0.27002,-2.5889,-4.2449,-8003.62,313.38,106.02,0.059,0.002
2100049857384809344,2100049857384809344,3629496,286.2041,38.7426,0.24338,-2.1301,-2.951,-8007.37,306.07,103.03,0.09,0.008
2100052262566491904,2100052262566491904,3731157,286.2717,38.8398,0.0323,1.2763,2.3273,-8004.61,315.32,105.4,0.066,-0.005
2101570417549452032,2101570417549452032,5702239,290.7317,40.9248,0.1238,-0.1851,-4.6144,-8022.82,324.3,92.14,0.041,-0.005
2101676378683891584,2101676378683891584,6365076,292.1606,41.7432,0.09068,0.618,-4.9511,-8029.19,328.6,88.9,0.041,0.002
2101285575317012352,2101285575317012352,4825003,288.546,39.9649,0.25989,-0.4564,-3.7955,-8012.14,326.03,100.06,0.112,-0.012
2100120986342958720,2100120986342958720,3322943,285.1746,38.4277,0.07464,-3.9685,-5.8465,-8013.86,279.33,99.58,0.025,-0.016
2100137238499702016,2100137238499702016,3728906,285.3008,38.8238,0.06729,-3.9896,-3.5877,-8020.5,267.96,96.51,0.042,-0.005
2100574397451768320,2100574397451768320,5262561,287.7839,40.4159,0.21286,-0.1243,-2.9585,-8011.09,332.48,106.18,0.019,-0.018
2101309592774323584,2101309592774323584,5176547,288.6236,40.3972,0.20784,-0.2939,-3.629,-8012.49,333.23,102.43,0.098,0.004
2100996536898063232,2100996536898063232,4555662,289.9299,39.6632,0.04243,-5.991,-5.1923,-8005.15,350.49,98.54,0.017,-0.008
2100154452728605312,2100154452728605312,3831911,285.0551,38.985,0.20175,-1.4557,-4.6317,-8008.76,300.15,107.0,0.063,-0.014
2101008704545730560,2101008704545730560,4149670,289.498,39.2986,0.07196,-2.6453,-2.3453,-8023.13,288.43,85.76,0.038,-0.007
2100633358763030784,2100633358763030784,5435597,287.5438,40.6505,0.14035,0.6471,-1.7818,-8023.8,296.84,98.48,0.078,0.008
2100206365995549056,2100206365995549056,4036736,284.9697,39.1389,0.27458,-0.8815,-2.0287,-8001.88,320.42,113.52,0.135,-0.012
2101037085690140544,2101037085690140544,4458172,289.7706,39.5786,0.04049,-6.5296,-4.2684,-8018.61,307.76,89.56,0.038,0.009
2101037257488816640,2101037257488816640,4458109,289.7563,39.5764,0.06397,-5.5743,-3.7288,-8016.5,313.91,90.99,0.13,0.001
2128121286897010432,2128121286897010432,9655045,294.2125,46.3567,0.16889,3.2209,-2.8322,-8066.89,286.47,83.02,0.063,0.04
2126835614205717760,2126835614207308800,7955782,290.3482,43.7714,0.03847,2.3151,-0.7503,-8035.55,334.38,102.82,0.027,0.001
2128171830072037632,2128171830072037632,9715163,293.8744,46.4283,0.06278,3.7712,-7.7997,-8067.26,283.42,83.63,0.154,0.011
2126860108399441024,2126860112700786432,8024987,290.4886,43.8167,0.03677,-0.2572,-6.8321,-8052.07,272.17,87.16,0.077,-0.012
2127785313075229184,2127785313075229184,9945771,289.3614,46.8924,0.13343,3.014,-2.6858,-8066.69,263.44,94.33,0.03,-0.001
2127789990298259840,2127789990298259840,10068906,289.2573,47.0277,0.02048,0.2119,1.3578,-8060.55,295.2,103.84,0.029,-0.017
2127336166873534208,2127336166873534208,9273730,288.5894,45.7206,0.06471,0.634,-4.7158,-8048.67,312.83,108.7,0.044,-0.006
2128208972950146816,2128208972950146816,10017419,294.2079,46.967,0.04366,5.8498,-1.2892,-8061.46,332.03,94.5,0.043,-0.01
2127356129881815168,2127356129881815168,9397901,289.044,45.9639,0.07668,0.8707,-4.9558,-8057.23,284.4,99.54,0.067,-0.012
2128286694677360512,2128286694677360512,9772586,292.6807,46.501,0.10888,1.2382,-1.8577,-8062.9,297.45,91.09,0.039,0.008
2127002533814133248,2127002533814133248,8621969,290.7677,44.7274,0.03003,-4.0954,-1.1938,-8044.2,324.72,100.92,0.091,-0.012
2127002602533604736,2127002602533604736,8621939,290.7606,44.7267,0.03939,-3.6701,-2.1514,-8043.8,326.29,101.33,0.05,-0.004
2127073005637981440,2127073005637981440,8881126,290.2013,45.1327,0.07336,4.4931,-4.5681,-8050.36,303.79,98.77,0.073,-0.018
2126672852125705216,2126672852125705216,9087249,291.2584,45.4392,0.11788,2.7294,-5.1942,-8059.42,278.59,89.25,0.055,0.001
2128039373280457472,2128039373280457472,9221678,293.1978,45.6617,0.02755,0.6942,1.749,-8060.69,292.25,86.21,0.074,0.002
2128053392054482688,2128053392054482688,9406987,293.0167,45.9815,0.02288,4.7506,0.5119,-8056.53,318.62,93.58,0.047,-0.017
2128080536248155776,2128080536248155776,9591182,293.1299,46.2629,0.14517,4.1253,-1.6351,-8064.07,289.45,87.14,0.14,-0.0
2128496529598795648,2128496529598795648,10471960,292.5362,47.602,0.24936,3.5193,-3.0262,-8070.35,285.21,91.01,0.025,-0.028
2102391512214758144,2102391512214758144,6352430,287.7407,41.7759,0.07961,0.8352,-5.6014,-8014.52,347.59,113.37,0.133,0.009
2103300877049828736,2103300877049828736,4726192,284.1029,39.8058,0.41864,-2.2611,-2.7276,-8006.29,314.85,117.21,0.059,-0.012
2103305034578025728,2103305034578025728,4633285,283.9185,39.7489,0.26309,-2.0748,-1.2544,-8006.77,311.69,117.0,0.016,-0.004
2103307611556131584,2103307611556131584,4725882,283.961,39.8254,0.02516,4.387,-5.6564,-8001.34,327.91,121.94,0.917,-0.01
2103308126954515712,2103308126954515712,4725913,283.9731,39.8661,0.38508,-1.0946,-3.2,-8010.56,303.55,114.44,0.081,-0.001
2103312421921812736,2103312421921812736,4814229,283.8917,39.9432,0.34257,-2.5638,-3.4344,-8006.48,315.5,118.65,0.022,-0.025
2103312593720517888,2103312593720517888,4814290,283.9181,39.9916,0.40575,-2.0543,-3.5468,-8007.35,314.06,118.17,0.064,-0.019
2103314346067173504,2103314346067173504,4814502,283.9951,39.917,0.04816,-3.3393,2.0214,-8013.37,296.78,112.34,0.069,-0.009
2103318464937436416,2103318464937436416,4814309,283.9239,39.9926,0.40041,-2.1162,-3.1407,-8006.01,317.77,119.29,0.048,-0.002
2102458371964692480,2102458371964692480,6764530,287.5142,42.2932,0.03602,4.7998,-1.8595,-8033.53,293.71,100.92,0.107,-0.008
2103349496078696320,2103349496078696320,4816098,284.7497,39.9482,0.38417,-2.0808,-3.7188,-8008.17,315.39,114.61,0.028,-0.004
2103351450286113408,2103351450286113408,4816200,284.8095,39.9861,0.03418,0.3675,2.9707,-8011.86,306.09,111.65,0.013,-0.016
2102057810435877504,2102057810435877504,5264013,288.3522,40.4015,0.14755,-3.1594,-5.4572,-8017.99,314.9,99.13,0.17,-0.014
2102476896165207168,2102476896165207168,7020022,287.1849,42.5488,0.22996,-0.1048,-3.0496,-8031.6,302.81,105.25,0.058,-0.01
2102061516989607936,2102061516989607936,5263545,288.1672,40.4716,0.21654,-2.2706,-3.4396,-8017.22,317.33,100.71,0.054,-0.003
2103381725513446016,2103381725513446016,5167899,284.9931,40.3044,0.18314,-4.2481,-2.4187,-8013.83,306.67,111.57,0.061,-0.014
2103388047705329152,2103388047705329152,5167941,285.0172,40.3834,0.08094,-2.0165,0.0675,-8002.13,341.43,121.9,0.046,-0.012
2102081518655563264,2102081518655563264,5437459,288.2846,40.6384,0.05498,1.1733,-8.0365,-8026.12,293.72,94.61,0.067,-0.01
2103404987056588544,2103404987056588544,5080003,284.6852,40.2821,0.02369,0.0675,3.2449,-8005.45,328.33,119.42,0.035,-0.007
2102097633373118848,2102097633373118848,5695850,288.7003,40.9173,0.06571,-1.1052,1.2209,-8018.9,323.4,100.82,0.078,-0.016
2102937763335068544,2102937763335068544,7598549,288.7264,43.2025,0.02555,2.0032,-6.078,-8023.25,355.32,114.06,0.04,-0.012
2103448963226726144,2103448963226726144,5429163,284.6884,40.6762,0.40741,-1.6025,-2.102,-8015.28,307.08,113.73,0.066,0.006
2102111892664542080,2102111892664542080,5780861,288.5687,41.048,0.02363,-2.1818,-3.131,-8003.72,372.82,114.05,0.05,0.005
2103452815812507392,2103452815812507392,5514252,284.5586,40.7264,0.03688,-3.2046,-7.4614,-7999.17,353.62,128.59,0.054,-0.009
2103454877396849280,2103454877396849280,5429227,284.7163,40.696,0.28848,-0.5991,-2.3359,-8009.58,323.97,118.75,0.073,-0.013
2103456457944907776,2103456457944907776,5514871,284.8962,40.7809,0.40201,-1.8676,-2.1117,-8014.95,310.87,114.13,0.077,-0.005
2101781077103808640,2101781077103808640,5956051,290.4111,41.2904,0.11062,-1.9497,-3.7893,-8019.41,340.35,98.02,0.094,-0.015
2102959066373158144,2102959066373158144,7743830,288.3337,43.4417,0.12834,-0.9555,-3.028,-8039.29,299.73,101.51,0.011,-0.007
2102138929478224384,2102138929478224384,5694127,288.0413,40.9846,0.12944,-2.624,-5.4248,-8022.34,309.8,100.41,0.035,-0.007
2103497792709244544,2103497792709244544,4725292,283.7055,39.8705,0.34474,-2.0141,-2.7305,-8003.75,320.78,121.04,0.025,-0.004
2102986107487506944,2102986107487506944,7812051,287.9723,43.5108,0.02332,-6.007,-4.244,-8025.41,348.99,116.6,0.071,-0.01
2103021875975277184,2103021875975277184,8018827,287.9855,43.8905,0.03418,1.8828,-2.0451,-8052.64,256.91,91.91,0.094,0.012
2103024246797101056,2103024246797101056,7949545,287.7505,43.7372,0.12862,0.6557,-3.2931,-8038.28,305.56,106.02,0.09,-0.03
2103877364740680704,2103877364740680704,6187639,285.3933,41.5154,0.30849,-1.1661,-3.0205,-8023.65,300.07,110.06,0.097,-0.011
2103033592646146560,2103033592646146560,8087381,287.85,43.9786,0.10396,0.34,-1.2553,-8040.84,301.53,104.98,0.026,-0.012
2101855569017361280,2101855569017361280,6359802,290.3544,41.7691,0.04167,-4.7446,-0.8808,-8025.18,329.99,97.05,0.106,-0.006
2103616952281732608,2103616952281732608,5428125,284.1577,40.6089,0.42219,-1.8094,-2.7021,-8012.38,311.48,117.36,0.065,-0.005
2103624133467152896,2103624133467152896,5341666,283.9331,40.5912,0.28848,-1.3079,-3.8525,-8007.24,324.56,122.46,0.155,-0.017
2103649044277731584,2103649044277731584,5686435,284.6226,40.9754,0.41225,-1.4021,-2.4069,-8017.29,305.9,114.2,0.008,-0.014
2103105056600512256,2103105056600512256,8423087,288.8419,44.4227,0.0688,1.0599,-1.577,-8046.99,293.25,99.72,0.115,-0.009
2102692709683542400,2102692709683542400,6940035,289.0868,42.4717,0.06727,1.4716,-6.1499,-8024.24,338.58,106.38,0.028,-0.015
2103978859108631040,2103978859108631040,6426507,285.5541,41.8567,0.26582,-0.2366,-1.9568,-8021.2,314.5,114.28,0.075,-0.003
2103683300936702464,2103683300936702464,5685047,283.8968,40.9159,0.22757,-3.1297,-4.2567,-8014.47,309.34,118.42,0.054,-0.005
2103714637018491136,2103714637018491136,5940165,283.8994,41.2216,0.043,-1.6479,-4.0294,-7999.58,358.15,134.43,0.036,-0.014
2103719309943016448,2103719309943016448,6023332,284.2312,41.3355,0.53771,-1.3801,-2.71,-8017.69,308.79,117.48,0.127,0.009
2102732292101973504,2102732292101973504,7354213,289.1063,42.9705,0.06405,-3.377,-0.7866,-8029.73,329.76,105.19,0.085,0.002
2103737241426734336,2103737241426734336,6184894,284.0567,41.5767,0.29862,-0.92,-3.2492,-8021.1,301.89,116.5,0.04,-0.028
2103746007460037632,2103746007460037632,5168890,285.4549,40.3852,0.028,-8.1533,-4.0423,-8017.77,299.15,107.48,0.037,-0.008
2103771158789451136,2103771158789451136,5516133,285.5309,40.7323,0.04039,-0.5469,-3.0155,-8029.78,270.03,99.32,0.096,0.011
2102771599641078912,2102771599641078912,7439140,290.0699,43.046,0.02013,6.0323,-1.3317,-8038.58,305.79,95.35,0.092,0.0
2103796615056448384,2103796615056448384,5860441,285.9955,41.1854,0.35054,-0.6835,-3.0222,-8016.72,318.71,112.24,0.03,-0.006
2102358355067054464,2102358355067054464,6111024,287.4763,41.455,0.15893,0.3636,-2.5194,-8015.44,336.58,110.96,0.059,-0.017
2081887063472822144,2081887063472822144,8331561,301.2632,44.2882,0.04442,5.3065,0.9621,-8069.74,289.2,55.37,0.014,-0.026
2082119713259755648,2082119713259755648,8784119,301.2413,44.9991,0.0769,3.4427,-5.828,-8073.45,285.76,56.89,0.088,-0.019
2082142734285082368,2082142734285082368,8653134,300.431,44.751,0.24427,4.6797,-3.2052,-8061.96,335.09,65.35,0.042,0.009
2075875792887385472,2075875792887385472,8197767,301.0396,44.0361,0.19781,6.1371,-4.1109,-8058.79,339.62,61.45,0.383,-0.01
2076198224671929088,2076198224671929088,4175707,295.6988,39.2668,0.07606,-2.372,-5.1553,-8025.8,320.23,66.27,0.059,-0.022
2076200492414475136,2076200492414475136,4174717,295.5148,39.2691,0.03755,4.0735,-4.2295,-8018.29,343.75,70.44,0.067,-0.0
2076206539729021952,2076206539729021952,4383431,295.9545,39.4659,0.02497,-0.8491,-3.2015,-8016.69,356.68,70.88,0.043,-0.015
2076225265786580608,2076225265786580608,4670415,295.7496,39.7078,0.07765,2.1512,-2.7354,-8029.95,314.51,66.41,0.005,-0.016
2076102154842836992,2076102154842836992,8327691,300.1361,44.2833,0.04573,3.9505,-0.5779,-8069.51,278.53,57.58,0.015,-0.011
2075947501661405184,2075947501661405184,7919763,299.9625,43.6938,0.08767,5.7705,-4.4015,-8050.62,359.02,67.01,0.061,-0.022
2076149223381269376,2076149223381269376,8651452,299.9758,44.7052,0.09849,4.1895,-4.1863,-8056.23,359.53,70.28,0.026,0.004
2076155103200250240,2076155103200250240,8651471,299.9827,44.7133,0.08353,3.5408,-4.1194,-8055.72,362.66,70.7,0.071,-0.021
2075994368346179840,2075994368346179840,7987781,299.8278,43.777,0.08696,0.5241,-4.341,-8058.56,319.69,62.68,0.017,-0.02
2076299207945181824,2076299207945181824,5024254,295.2934,40.1148,0.02416,4.2254,-7.6582,-8023.09,342.18,73.57,0.053,-0.012
2076565560327117696,2076565560327117696,5371597,294.3884,40.543,0.06854,-0.7196,-2.8246,-8027.25,328.85,76.46,0.117,-0.009
2076566183109063680,2076566183109063680,5371747,294.4312,40.594,0.09563,-2.099,-7.6342,-8033.67,307.81,72.85,0.113,-0.0
2076916068323795712,2076916068323795712,6307077,297.6337,41.6624,0.02938,2.918,0.8861,-8046.11,306.95,63.21,0.112,-0.013
2076917442713332480,2076917442713332480,6385342,297.5682,41.7423,0.07872,-0.6263,-5.0465,-8043.99,316.62,65.02,0.089,0.005
2077126483054638976,2077126483054638976,6878696,296.002,42.3357,0.07266,4.4272,-2.3856,-8044.68,312.58,71.95,0.058,-0.013
2076790552200353536,2076790552200353536,5980208,297.0738,41.2245,0.08729,-0.7728,-7.8543,-8041.24,312.72,64.97,0.061,-0.013
2076969016682126080,2076969016682126080,6463047,297.3744,41.8626,0.06866,2.8153,-3.176,-8036.14,349.35,70.77,0.036,0.001
2077178782881876864,2077178782881876864,6965789,296.4221,42.4929,0.07369,3.8588,-4.516,-8038.11,346.71,76.22,0.043,0.005
2076839583548686336,2076839583548686336,6143078,297.0194,41.4015,0.02347,8.3407,-1.204,-8043.79,305.82,64.66,0.027,-0.011
2077213005182040320,2077213005182040320,7299869,296.7116,42.8642,0.06395,2.357,-0.7471,-8053.02,294.81,67.81,0.005,0.005
2076855801345072896,2076855801345072896,6222668,296.6551,41.5315,0.11275,0.6845,-4.5464,-8042.89,308.87,66.81,0.003,0.005
2077231799959508864,2077231799960705792,7215936,296.1255,42.7088,0.02204,4.834,-3.8245,-8060.46,255.94,63.09,0.102,-0.003
2107142364518546688,2107142364518546688,9005114,284.6681,45.3832,0.03662,-1.2966,-6.8326,-8043.88,299.85,119.76,0.019,-0.012
2077612883814892160,2077612883814892160,6370174,293.7426,41.7898,0.04222,0.1687,-4.3436,-8049.17,268.32,71.07,0.026,-0.027
2077884428827603456,2077884428827603456,6876575,295.5134,42.3188,0.18148,1.6758,-5.6782,-8044.61,308.45,73.08,0.109,0.007
2077417303879747712,2077417303879747712,6130409,293.9243,41.4388,0.12746,1.0637,-6.4608,-8039.93,297.23,74.98,0.07,-0.026
2077668752749671424,2077668752749671424,6609270,292.7377,42.0148,0.02092,-4.8439,-1.1805,-8032.97,324.82,86.37,0.151,-0.012
2078416283219985792,2078416283219985792,6545986,298.0232,41.9959,0.03237,4.1196,-0.4089,-8054.82,280.94,59.11,0.06,0.002
2077322062990094592,2077322062990094592,5541919,294.2239,40.7338,0.03142,2.3368,-2.0885,-8021.3,352.07,81.67,0.011,-0.012
2077322062990095104,2077322062990095104,5541914,294.2229,40.7356,0.03346,2.3895,-2.3352,-8021.42,351.69,81.61,0.041,-0.014
2077807909689806848,2077807909689806848,7286410,293.1702,42.8074,0.13718,0.9168,-3.5475,-8042.7,307.48,83.05,0.025,0.009
2116757765501471232,2116757765501471232,7255398,280.9722,42.889,0.06819,-1.4455,-3.3656,-8014.64,329.63,142.42,0.063,-0.012
2116916163895305216,2116916163895305216,7658882,280.6865,43.3271,0.04535,1.3777,-0.7074,-8029.33,290.81,129.94,0.089,-0.006
2079313171163653120,2079313171163653120,8771498,297.8301,44.9447,0.11126,2.1964,-5.6827,-8064.15,299.47,69.89,0.041,0.003
2078912467894820096,2078912467894820096,8248939,296.936,44.1611,0.08041,4.4155,-1.0282,-8051.04,335.52,77.05,0.051,-0.007
2079092993961452288,2079092993961452288,8517293,298.7461,44.5154,0.04688,5.069,-2.9246,-8070.32,266.29,60.69,0.025,-0.001
2078752252740429696,2078752252740429696,7769891,297.0426,43.4563,0.02503,2.7197,1.1458,-8044.81,347.41,76.56,0.076,-0.008
2078794515219482752,2078794515219482752,7836762,296.3832,43.5952,0.04712,7.3052,-2.6625,-8056.67,291.29,70.17,0.074,-0.015
2079382204184435072,2079382204184435072,9040228,297.4669,45.3724,0.12982,3.5521,-4.5333,-8058.96,334.17,78.18,0.039,-0.013
2079407492949813888,2079407492949813888,9045611,298.6708,45.3192,0.1311,6.1942,-2.5637,-8063.45,321.97,71.55,0.073,0.001
2079024622387491712,2079024622387491712,8324268,299.209,44.2711,0.07975,7.148,-6.3645,-8059.21,322.24,66.69,0.163,0.01
2079024656747338368,2079024656747338368,8324293,299.2144,44.2743,0.125,7.2162,-4.2534,-8058.4,326.53,67.29,0.038,0.0
2079438932110694016,2079438932110694016,9238899,298.6904,45.6829,0.0809,3.979,-6.7967,-8069.82,296.48,68.4,0.077,-0.009
2079272527897315968,2079272527897315968,8643814,297.9702,44.7116,0.12246,6.0975,-3.316,-8057.87,327.22,73.27,0.086,-0.027
2079295372819191424,2079295372819191424,8644597,298.1511,44.7239,0.13527,3.5871,-2.4861,-8055.56,341.37,74.87,0.046,-0.004
2075440759930938624,2075440759930938624,6719893,298.6213,42.1836,0.02169,7.1997,-2.8625,-8036.27,369.59,69.18,0.051,-0.002
2075039545581043456,2075039545581043456,5307816,299.4054,40.4608,0.02545,0.7599,-10.3461,-8045.07,302.97,52.99,0.019,-0.016
2075369467785389824,2075369467785389824,6391896,299.0139,41.7324,0.13465,4.2109,-3.0252,-8043.7,331.19,61.29,0.062,-0.009
2075377950329382400,2075377950329382400,6470844,299.0876,41.8992,0.11343,4.9281,-5.6775,-8045.15,329.48,61.28,0.074,-0.006
2075055862145156864,2075055862145156864,5393802,299.235,40.5668,0.07214,5.9399,-4.1131,-8042.43,313.92,55.09,0.034,-0.005
2133657465378315904,2133657465378315904,11953957,285.8487,50.3316,0.06,4.8287,-3.602,-8074.34,286.77,119.32,0.02,-0.005
2133055723280822016,2133055723280822016,11961075,290.2121,50.3054,0.14014,4.6099,-2.6723,-8083.3,262.85,97.62,0.074,-0.022
2133166013742924672,2133166013742924672,12157161,290.1694,50.7656,0.05115,4.5301,-2.6096,-8087.8,245.03,93.3,0.054,0.004
2133238826326478208,2133238826326478208,12353946,289.6964,51.1861,0.05732,3.7133,-3.5228,-8080.98,304.9,113.52,0.06,-0.019
2132692403407786752,2132692403407786752,11656301,288.692,49.7717,0.04692,4.547,-2.1888,-8071.69,307.79,115.06,0.151,-0.015
2132760641848600960,2132760641848600960,11447564,287.5584,49.3671,0.04493,0.8622,-0.864,-8076.56,258.64,102.82,0.094,-0.018
2134730451290713728,2134730451290713728,11037498,295.3513,48.5569,0.04652,4.3069,-8.2634,-8076.44,303.9,88.13,0.018,-0.01
2134820679963956736,2134820679963956736,11357984,295.4562,49.1521,0.04139,6.6133,0.3208,-8085.18,263.56,80.14,0.161,-0.013
2134839814040342400,2134839814040342400,11514272,295.1296,49.4281,0.15671,3.792,-4.6468,-8083.5,281.07,85.7,0.078,-0.013
2134844624403540096,2134844624403540096,11565541,294.967,49.5609,0.02399,0.4367,-6.8855,-8078.68,319.23,95.41,0.035,-0.007
2136135420990484480,2136135420990484480,12258704,291.6931,50.9335,0.05276,-0.1669,-2.0575,-8084.56,288.95,101.71,0.02,-0.013
2135303296848445952,2135303296848445952,11972826,296.3305,50.3688,0.0408,4.4154,-0.1922,-8085.06,320.29,93.04,0.064,0.001
2135317796658418048,2135317796658418048,12023817,296.8937,50.4396,0.12271,4.7827,-3.3251,-8089.19,295.13,85.79,0.085,0.005
2134920632442091776,2134920632442091776,11515276,295.5673,49.4686,0.04066,2.4035,-0.0371,-8079.36,318.3,92.88,0.068,-0.026
2134971347416605056,2134971347416605056,11770546,295.4658,49.9888,0.0654,6.2409,-5.4429,-8081.48,321.38,95.27,0.094,0.01
2134974920829382400,2134974920829382400,11821140,295.3624,50.0531,0.02923,8.5333,-4.5871,-8081.23,324.61,96.54,0.015,0.002
2135592537125787648,2135592537125787648,12315252,295.6118,51.0929,0.04358,1.418,0.5224,-8091.32,285.48,89.03,0.044,-0.013
2135154828418076672,2135154828418076672,11869977,294.8076,50.1012,0.04018,7.2785,-0.4052,-8082.55,308.81,94.82,0.015,-0.017
2050233601176543104,2050233601176543104,757099,291.0431,36.5938,0.09931,-1.9914,-6.1489,-7996.67,329.12,81.27,0.128,-0.017
2051031193779818240,2051031193779818240,1718594,290.8306,37.2726,0.14701,-1.4279,-4.3947,-7996.83,338.22,85.68,0.087,0.001
2051085619607113600,2051085619607113600,2156718,290.6515,37.563,0.03898,0.2692,-7.121,-7992.31,354.22,90.41,0.051,-0.013
2051694572946664960,2051694572946664960,1028018,291.4713,36.7998,0.05485,-2.3391,-7.7004,-7995.05,339.49,81.64,0.058,-0.03
2051719522419750656,2051719522419750656,1436265,292.2455,37.0966,0.10575,-1.8275,-5.8784,-8004.35,324.13,76.12,0.136,-0.037
2051746563534482304,2051746563534482304,1294756,291.4223,36.9713,0.09947,-1.9942,-6.4254,-8002.33,322.35,79.21,0.043,0.007
2052164927713561600,2052164927713561600,3246460,294.2361,38.3838,0.06832,0.6201,-8.4445,-8016.87,322.51,70.42,0.139,0.016
2105654583547150336,2105654583547150336,7669197,286.5512,43.3607,0.19968,-0.2811,-3.532,-8034.14,305.67,110.24,0.115,-0.006
2104426497780648960,2104426497780648960,6020313,282.7669,41.3977,0.08927,0.2595,-1.7541,-8006.79,334.11,132.68,0.086,-0.024
2106217915757879296,2106217911457681536,8743007,287.2067,44.9301,0.02351,-2.6164,-3.9458,-8031.04,355.76,125.28,0.009,0.0
2106230731940200960,2106230731940200960,8807085,286.5692,45.0451,0.09706,0.8217,-3.0685,-8042.45,309.52,114.51,0.1,-0.014
2106235301785453824,2106235301785453824,8873448,286.7476,45.158,0.04162,2.0861,-2.8849,-8057.54,253.73,97.2,0.144,-0.016
2106235301785454208,2106235301785454208,8873450,286.7485,45.1587,0.04308,2.3919,-2.4099,-8057.42,254.23,97.35,0.172,-0.024
2104496939541415680,2104496939541415680,6423086,283.8097,41.8047,0.05938,0.0088,-7.833,-8017.93,314.09,121.89,0.05,-0.018
2104522022150937088,2104522022150937088,6263831,283.1162,41.6499,0.09386,-1.9274,-6.3691,-8021.77,296.45,118.95,0.044,-0.013
2104533154705749888,2104533154705749888,6421480,283.0436,41.8462,0.09476,-0.0603,0.001,-8013.49,324.14,128.81,0.072,-0.006
2104002056231471744,2104002056231471744,6761539,286.2649,42.2219,0.16224,-0.7938,-1.0382,-8022.11,322.51,114.17,0.024,0.003
2106471142730265856,2106471142730265856,9206969,286.2682,45.6428,0.05758,3.0542,-2.6102,-8056.87,262.8,102.36,0.041,-0.007
2104057336751186944,2104057336751186944,6186082,284.6358,41.5645,0.36303,-1.3187,-2.8614,-8021.42,303.68,114.51,0.052,-0.043
2104068095647479936,2104068095647479936,6346894,285.1417,41.7116,0.28625,-0.8202,-2.248,-8022.91,304.37,112.78,0.063,-0.006
2104075723510034944,2104075723510034944,6425783,285.1941,41.8682,0.3783,-1.264,-3.3423,-8021.59,311.48,114.99,0.072,-0.009
2105968047442025344,2105968047442025344,8416395,285.3476,44.4905,0.03871,1.257,-7.0588,-8037.88,307.7,117.95,0.062,-0.02
2104095720877577984,2104095720877577984,6672156,284.9118,42.1887,0.02827,-5.3882,-6.3681,-8010.02,352.14,129.35,0.089,-0.012
2106020617840025600,2106020617840025600,8016816,287.0127,43.8928,0.02508,-3.1197,-6.9822,-8043.66,284.56,103.24,0.041,-0.007
2104120425529486720,2104120425529486720,6423857,284.2087,41.8748,0.25621,-1.7528,-4.4615,-8020.38,310.02,118.92,0.043,-0.011
2106029040275684992,2106029040275684992,8153795,287.0348,44.0364,0.15134,0.0344,-3.266,-8037.96,308.28,110.3,0.121,0.012
2104841052321306624,2104841052321306624,7257035,281.8779,42.8647,0.02007,-3.1137,1.3661,-8032.45,278.48,119.81,0.117,-0.001
2105452140268924032,2105452140268924032,6675714,286.5127,42.134,0.32476,-0.7401,-3.5271,-8025.49,311.39,109.71,0.023,0.01
2104160111027436928,2104160111027436928,6843185,284.4948,42.3995,0.17038,-0.1876,-2.7267,-8018.06,328.5,124.41,0.078,-0.019
2104872212304516992,2104872212304516992,6502217,284.0896,41.9484,0.08164,-0.606,-6.9975,-8022.03,305.63,118.18,0.036,-0.003
2104160970020882560,2104160970020882560,6843063,284.444,42.393,0.11338,0.5369,-1.7906,-8016.46,333.15,126.1,0.057,0.004
2104173305166512384,2104173305166512384,6672948,285.2944,42.1049,0.36271,-0.8188,-3.1464,-8023.82,309.3,114.32,0.147,-0.027
2105481414766290560,2105481414766290560,7019432,286.9181,42.5495,0.04754,2.9641,-6.6522,-8024.27,325.72,112.83,0.07,-0.008
2106141392323223296,2106141392323223296,8355134,287.5089,44.3759,0.10298,-0.5392,-0.7985,-8041.0,306.87,108.63,0.071,-0.009
2106141396620757888,2106141396620757888,8355130,287.5068,44.3749,0.1029,-3.0357,-2.2634,-8040.92,307.15,108.71,0.069,0.001
2104961826801687808,2104961826801687808,7095058,283.1225,42.6509,0.04225,3.3149,-2.0638,-8031.73,282.87,115.96,0.14,-0.015
2104989692550055424,2104989692550055424,7422486,283.4301,43.0424,0.13626,0.8296,-1.3553,-8026.37,308.33,123.82,0.074,-0.004
2105006563181550080,2105006563181550080,7504769,283.0987,43.1603,0.02115,-4.4173,-7.7874,-8018.51,334.21,134.26,0.003,-0.009
2104345069498052864,2104345069498052864,5597406,283.1533,40.8138,0.33573,-2.2282,-2.4137,-8012.57,309.27,121.62,0.049,-0.022
2104345069498052992,2104345069498052992,5597401,283.1511,40.8142,0.33945,-2.3118,-2.9428,-8011.61,312.0,122.52,0.066,-0.01
2106823231268335744,2106823231268335744,8935239,283.9285,45.2565,0.08447,-1.9709,-4.412,-8040.79,304.74,124.2,0.073,-0.005
2052594385776336768,2052594385776336768,2572681,290.7587,37.8848,0.02147,-1.1542,-3.8059,-8027.24,263.5,72.81,0.105,-0.006
2052844803848824576,2052844803848824576,3643799,290.955,38.7148,0.11786,-3.3161,-6.2551,-8016.37,307.6,82.57,0.027,-0.005
2052620606558049792,2052620606558049792,3113630,290.73,38.2297,0.10322,1.3882,-5.5472,-8019.49,289.9,78.88,0.044,-0.003
2052853733082870528,2052853733082870528,3642808,290.6594,38.712,0.0275,-7.2848,-3.3843,-8004.35,340.57,90.57,0.013,-0.011
2052871363926844928,2052871363926844928,3439126,290.1573,38.5244,0.16641,-1.7569,-5.2355,-8004.49,333.58,91.01,0.051,-0.007
2052872119840855680,2052872119840855680,3336595,289.9109,38.4455,0.05599,-1.9621,-6.8475,-7994.26,359.47,97.5,0.019,-0.011
2052875933772027904,2052875933772027904,3539632,290.0209,38.6364,0.17719,-0.4834,-5.0113,-8006.88,327.81,90.69,0.034,-0.008
2052435545010409856,2052435545010409856,4473355,294.0152,39.5315,0.06899,0.5378,-4.6679,-8018.46,336.29,76.62,0.042,-0.016
2052673005158812928,2052673005158812928,3344220,291.9529,38.4064,0.03216,-1.594,-10.7261,-8021.54,293.81,75.09,0.093,-0.015
2052301095353957248,2052301095353957248,3858086,293.5029,38.9092,0.08696,-0.6094,-5.963,-8014.79,332.74,76.63,0.025,-0.005
2052989252191235072,2052989252191235072,4464530,291.6368,39.5576,0.11915,0.0481,-7.5073,-8025.52,297.91,79.72,0.048,-0.0
2052989252191235584,2052989252191235584,4464528,291.6363,39.5586,0.10152,1.0145,-7.3602,-8028.1,289.96,78.15,0.062,-0.001
2052504951683565056,2052504951683565056,4842436,293.7277,39.9073,0.09321,1.3923,-2.7295,-8026.25,315.52,75.3,0.032,-0.002
2052525842397883008,2052525842397883008,2013627,291.2257,37.4718,0.02657,-3.0682,-9.305,-8018.77,283.83,74.09,0.077,-0.013
2052763233833344384,2052763233833344384,3646781,291.7445,38.7863,0.13556,1.0065,-6.4186,-8019.08,305.7,79.04,0.033,-0.011
2052530171724900224,2052530171724900224,2158641,291.1074,37.5516,0.04296,3.3056,-2.9459,-8006.58,317.89,81.21,0.055,-0.011
2052568414114430848,2052568414114430848,2442551,291.2699,37.7702,0.11652,-1.4219,-5.6582,-8006.9,321.49,81.69,0.098,-0.01
2053299348831952512,2053299348831952512,5015454,293.0745,40.1371,0.07619,-2.9118,-4.3875,-8020.88,332.62,81.7,0.039,-0.005
2053617691806542976,2053617691806542976,6045511,292.7722,41.3814,0.17376,0.6911,-5.0953,-8032.3,315.09,82.74,0.074,-0.023
2053517636247274240,2053517636247274240,5536266,292.6426,40.7328,0.09735,-1.6158,-3.6466,-8035.36,292.02,77.25,0.068,0.002
2053560482841892224,2053560482841892224,5793668,292.6843,41.0739,0.03647,5.6903,-5.0236,-8041.52,277.0,74.92,0.028,-0.006
2053574256795363072,2053574256795363072,5621528,292.2971,40.8459,0.03799,-0.7784,-0.4333,-8036.07,289.31,78.29,0.097,-0.016
2053601061692668928,2053601061692668928,5961373,292.1832,41.2127,0.15622,0.1734,-5.2111,-8030.33,314.55,84.64,0.003,-0.001
2085651963081506816,2085651963081506816,10362937,299.5353,47.4762,0.05704,8.5738,-2.289,-8071.12,356.85,80.38,0.132,-0.01
2085233839426359808,2085233839426359808,9428227,299.9521,45.9657,0.04668,4.5076,-8.0683,-8074.03,293.43,64.55,0.389,-0.034
2085684192516834176,2085684192516834176,10359854,298.6553,47.4687,0.07377,2.2973,-4.315,-8070.85,345.42,81.73,0.082,-0.017
2085688448822534528,2085688448822534528,10425836,298.895,47.5388,0.04983,1.6781,-1.6037,-8083.08,267.4,67.43,0.085,-0.006
2085478308963651584,2085478308963651584,9730417,298.8092,46.4201,0.07371,7.7851,-1.15,-8069.6,320.22,73.84,0.061,0.001
2085481744937494784,2085481744937494784,9730373,298.793,46.4589,0.05609,8.7746,-4.8177,-8073.11,299.73,70.6,0.012,-0.014
2085275719641874176,2085275719641874176,9488989,299.7425,46.0002,0.04435,0.482,-7.771,-8069.67,318.55,69.13,0.042,-0.001
2085176974058485376,2085176974058485376,9050543,300.041,45.3149,0.02368,-2.1146,-3.2727,-8064.72,331.07,67.92,0.107,-0.008
2086632830531191552,2086632830531191552,10810068,296.609,48.1498,0.02594,6.7821,-0.1317,-8083.6,257.01,73.34,0.327,-0.012
2086378946426807936,2086378946426807936,10355509,297.4566,47.4381,0.03536,7.3928,-4.3625,-8065.96,359.73,88.86,0.044,-0.017
2086645474914440576,2086645474914440576,10611751,296.2143,47.8111,0.02933,-0.4666,-1.3537,-8072.84,312.97,85.27,0.036,-0.01
2086715156462908672,2086715156462908672,10812541,297.3044,48.1952,0.17071,4.2242,-3.5581,-8078.16,303.12,80.57,0.111,-0.022
2086499922761614208,2086499922761614208,10936708,298.4367,48.3289,0.08144,6.9447,-4.658,-8082.36,291.71,75.09,0.067,-0.01
2086562221271092992,2086562221271092992,11043770,297.6056,48.5383,0.10948,4.3951,-5.3816,-8079.74,307.53,81.33,0.075,0.003
2086323455447879680,2086323455447879680,10091786,297.6571,47.0933,0.02371,0.5492,0.7682,-8079.14,267.76,70.09,0.084,-0.023
2086327436873607936,2086327436873607936,10224468,297.6368,47.298,0.06435,2.6809,-4.5219,-8067.9,344.71,84.93,0.045,-0.007
2087203442705490944,2087203442705490944,11726065,297.7358,49.883,0.094,3.4556,-1.8825,-8086.31,309.31,84.75,0.082,-0.008
2129719495765254272,2129719495765254272,11190713,291.9983,48.8176,0.14015,4.8737,-3.2275,-8079.29,261.09,89.02,0.159,0.007
2129733956917006592,2129733956917006592,11243149,291.3311,48.9657,0.20171,4.0225,-3.0859,-8076.38,277.37,95.7,0.114,-0.016
2130260180608648192,2130260180608648192,9272082,287.6408,45.7511,0.03783,1.7641,-2.1413,-8043.53,328.55,117.15,0.056,0.008
2128840912955018368,2128840912955018368,10736489,293.9476,48.0653,0.09259,3.9417,-2.1241,-8079.91,253.98,80.09,0.032,0.022
2129299035647555968,2129299035647555968,10730618,291.627,48.093,0.05767,0.889,0.4161,-8071.61,283.6,94.64,0.027,0.003
2129798282645431296,2129798282645431296,11351755,292.5619,49.1595,0.02014,2.2143,-8.6986,-8081.13,263.78,88.69,0.027,-0.01
2129802504592956544,2129802504592956544,11403986,292.4303,49.2472,0.05446,8.4245,-3.2149,-8077.81,286.69,95.2,0.167,-0.002
2129320785361864832,2129320785361864832,10974032,291.0413,48.428,0.04154,5.2884,-7.794,-8070.5,294.21,100.12,0.022,0.01
2128941144612685184,2128941144612685184,10924762,293.9772,48.3434,0.12345,4.266,-2.5059,-8079.97,261.1,82.22,0.274,-0.03
2129870472456063744,2129870472456063744,11610797,291.903,49.6707,0.18119,4.3013,-2.7765,-8082.09,266.53,92.38,0.081,-0.006
2130437992254143232,2130437992254143232,9761347,287.2389,46.598,0.03541,7.8793,-3.2138,-8062.85,261.8,100.32,0.059,-0.022
2129417404945830784,2129417404945830784,10857583,290.1292,48.2085,0.17431,3.5745,-2.8772,-8073.23,265.93,94.94,0.049,-0.033
2130527293213756288,2130527293213756288,9699848,286.6775,46.4719,0.05215,7.0723,-2.7166,-8057.97,277.24,106.77,0.034,0.006
2129019652317227392,2129019652317227392,11193578,293.4531,48.859,0.02951,4.7757,-8.5761,-8073.61,311.69,97.19,0.071,-0.008
2130618621398706048,2130618621398706048,10127823,286.0127,47.1234,0.02409,8.216,-0.9234,-8060.44,276.57,110.01,0.085,0.002
2130135592196632192,2130135592196632192,11912947,290.9828,50.2616,0.14934,4.4118,-2.6813,-8084.59,259.27,94.22,0.068,-0.016
2128747664927194112,2128747664927194112,10803430,294.2835,48.1471,0.03893,8.9308,-5.2427,-8076.22,281.69,85.66,0.075,-0.003
2129185923389399808,2129185923389399808,10403228,291.2268,47.55,0.21457,3.2854,-2.9621,-8067.63,287.74,95.95,0.123,-0.023
2130790347071058304,2130790347071058304,10066745,288.2131,47.0449,0.04598,2.3677,-7.1597,-8060.55,288.24,105.64,0.069,-0.005
2130866939228158464,2130866939228158464,10395363,287.5951,47.5014,0.03025,-1.1513,-1.8539,-8055.71,318.37,117.88,0.058,-0.001
2130988018645874944,2130988018645874944,10722785,288.3703,48.0898,0.02238,6.2802,-3.4108,-8061.15,313.42,114.56,0.012,-0.003
2131213903865281664,2131213903865281664,11075410,287.1177,48.6652,0.05444,2.9796,-4.3139,-8074.37,250.6,100.52,0.136,-0.01
